JAMES,3.318,3.318,1
JOHN,3.271,6.589,2
ROBERT,3.143,9.732,3
MICHAEL,2.629,2.361,4
WILLIAM,2.451,4.812,5
DAVID,2.363,7.176,6
RICHARD,1.703,8.878,7
CHARLES,1.523,0.401,8
JOSEPH,1.404,1.805,9
THOMAS,1.380,3.185,0
CHRISTOPHER,1.035,4.220,1
DANIEL,0.974,5.194,2
PAUL,0.948,6.142,3
MARK,0.938,7.081,4
DONALD,0.931,8.012,5
GEORGE,0.927,8.939,6
KENNETH,0.826,9.766,7
STEVEN,0.780,0.546,8
EDWARD,0.779,1.325,9
BRIAN,0.736,2.061,0
RONALD,0.725,2.787,1
ANTHONY,0.721,3.508,2
KEVIN,0.671,4.179,3
JASON,0.660,4.839,4
MATTHEW,0.657,5.496,5
GARY,0.650,6.147,6
TIMOTHY,0.640,6.786,7
JOSE,0.613,7.399,8
LARRY,0.598,7.997,9
JEFFREY,0.591,8.588,0
FRANK,0.581,9.169,1
SCOTT,0.546,9.715,2
ERIC,0.544,0.259,3
STEPHEN,0.540,0.799,4
ANDREW,0.537,1.335,5
RAYMOND,0.488,1.824,6
GREGORY,0.441,2.265,7
JOSHUA,0.435,2.700,8
JERRY,0.432,3.132,9
DENNIS,0.415,3.547,0
WALTER,0.399,3.946,1
PATRICK,0.389,4.335,2
PETER,0.381,4.716,3
HAROLD,0.371,5.087,4
DOUGLAS,0.367,5.454,5
HENRY,0.365,5.819,6
CARL,0.346,6.165,7
ARTHUR,0.335,6.500,8
RYAN,0.328,6.828,9
ROGER,0.322,7.150,0
JOE,0.321,7.471,1
JUAN,0.316,7.786,2
JACK,0.315,8.102,3
ALBERT,0.314,8.415,4
JONATHAN,0.313,8.729,5
JUSTIN,0.311,9.040,6
TERRY,0.311,9.351,7
GERALD,0.309,9.660,8
KEITH,0.308,9.968,9
SAMUEL,0.306,0.274,0
WILLIE,0.302,0.576,1
RALPH,0.282,0.859,2
LAWRENCE,0.282,1.141,3
NICHOLAS,0.275,1.415,4
ROY,0.273,1.688,5
BENJAMIN,0.270,1.958,6
BRUCE,0.263,2.221,7
BRANDON,0.260,2.480,8
ADAM,0.259,2.740,9
HARRY,0.251,2.991,0
FRED,0.251,3.241,1
WAYNE,0.249,3.490,2
BILLY,0.248,3.738,3
STEVE,0.246,3.984,4
LOUIS,0.243,4.227,5
JEREMY,0.242,4.469,6
AARON,0.240,4.710,7
RANDY,0.232,4.942,8
HOWARD,0.230,5.172,9
EUGENE,0.230,5.402,0
CARLOS,0.229,5.630,1
RUSSELL,0.224,5.854,2
BOBBY,0.223,6.077,3
VICTOR,0.222,6.299,4
MARTIN,0.216,6.515,5
ERNEST,0.215,6.730,6
PHILLIP,0.213,6.942,7
TODD,0.213,7.155,8
JESSE,0.209,7.364,9
CRAIG,0.206,7.570,0
ALAN,0.204,7.774,1
SHAWN,0.200,7.973,2
CLARENCE,0.197,8.170,3
SEAN,0.197,8.368,4
PHILIP,0.197,8.565,5
CHRIS,0.197,8.761,6
JOHNNY,0.195,8.957,7
EARL,0.193,9.149,8
JIMMY,0.191,9.340,9
ANTONIO,0.190,9.531,0
DANNY,0.190,9.720,1
BRYAN,0.190,9.910,2
TONY,0.190,0.100,3
LUIS,0.189,0.289,4
MIKE,0.189,0.478,5
STANLEY,0.186,0.665,6
LEONARD,0.186,0.850,7
NATHAN,0.185,1.035,8
DALE,0.184,1.219,9
MANUEL,0.181,1.400,0
RODNEY,0.180,1.581,1
CURTIS,0.180,1.761,2
NORMAN,0.177,1.938,3
ALLEN,0.174,2.112,4
MARVIN,0.171,2.283,5
VINCENT,0.168,2.450,6
GLENN,0.167,2.617,7
JEFFERY,0.166,2.783,8
TRAVIS,0.166,2.949,9
JEFF,0.166,3.114,0
CHAD,0.165,3.279,1
JACOB,0.165,3.444,2
LEE,0.162,3.606,3
MELVIN,0.162,3.768,4
ALFRED,0.162,3.930,5
KYLE,0.160,4.090,6
FRANCIS,0.160,4.250,7
BRADLEY,0.159,4.409,8
JESUS,0.155,4.564,9
HERBERT,0.155,4.719,0
FREDERICK,0.154,4.873,1
RAY,0.153,5.026,2
JOEL,0.152,5.177,3
EDWIN,0.148,5.326,4
DON,0.145,5.471,5
EDDIE,0.144,5.615,6
RICKY,0.141,5.756,7
TROY,0.138,5.895,8
RANDALL,0.138,6.032,9
BARRY,0.134,6.167,0
ALEXANDER,0.132,6.299,1
BERNARD,0.127,6.427,2
MARIO,0.125,6.552,3
LEROY,0.125,6.676,4
FRANCISCO,0.124,6.801,5
MARCUS,0.124,6.925,6
MICHEAL,0.123,7.048,7
THEODORE,0.123,7.171,8
CLIFFORD,0.123,7.293,9
MIGUEL,0.122,7.415,0
OSCAR,0.122,7.538,1
JAY,0.118,7.656,2
JIM,0.118,7.773,3
TOM,0.117,7.890,4
CALVIN,0.115,8.006,5
ALEX,0.115,8.120,6
JON,0.115,8.235,7
RONNIE,0.113,8.348,8
BILL,0.112,8.461,9
LLOYD,0.112,8.573,0
TOMMY,0.112,8.685,1
LEON,0.112,8.797,2
DEREK,0.112,8.908,3
WARREN,0.110,9.018,4
DARRELL,0.108,9.126,5
JEROME,0.108,9.234,6
FLOYD,0.107,9.340,7
LEO,0.106,9.446,8
ALVIN,0.105,9.551,9
TIM,0.104,9.656,0
WESLEY,0.104,9.760,1
GORDON,0.104,9.864,2
DEAN,0.104,9.968,3
GREG,0.104,0.071,4
JORGE,0.104,0.175,5
DUSTIN,0.103,0.278,6
PEDRO,0.103,0.381,7
DERRICK,0.103,0.484,8
DAN,0.101,0.585,9
LEWIS,0.099,0.684,0
ZACHARY,0.099,0.782,1
COREY,0.098,0.880,2
HERMAN,0.097,0.977,3
MAURICE,0.097,1.074,4
VERNON,0.097,1.171,5
ROBERTO,0.097,1.268,6
CLYDE,0.095,1.363,7
GLEN,0.094,1.457,8
HECTOR,0.094,1.551,9
SHANE,0.093,1.645,0
RICARDO,0.093,1.738,1
SAM,0.092,1.830,2
RICK,0.091,1.921,3
LESTER,0.091,2.011,4
BRENT,0.090,2.102,5
RAMON,0.090,2.192,6
CHARLIE,0.090,2.281,7
TYLER,0.089,2.371,8
GILBERT,0.089,2.460,9
GENE,0.087,2.547,0
MARC,0.087,2.634,1
REGINALD,0.084,2.717,2
RUBEN,0.082,2.800,3
BRETT,0.082,2.882,4
ANGEL,0.082,2.964,5
NATHANIEL,0.081,3.045,6
RAFAEL,0.081,3.126,7
LESLIE,0.081,3.207,8
EDGAR,0.080,3.287,9
MILTON,0.080,3.367,0
RAUL,0.079,3.446,1
BEN,0.078,3.524,2
CHESTER,0.078,3.602,3
CECIL,0.078,3.680,4
DUANE,0.077,3.757,5
FRANKLIN,0.077,3.834,6
ANDRE,0.076,3.910,7
ELMER,0.074,3.984,8
BRAD,0.073,4.057,9
GABRIEL,0.073,4.130,0
RON,0.072,4.202,1
MITCHELL,0.072,4.274,2
ROLAND,0.072,4.347,3
ARNOLD,0.072,4.419,4
HARVEY,0.072,4.491,5
JARED,0.071,4.562,6
ADRIAN,0.069,4.631,7
KARL,0.069,4.699,8
CORY,0.068,4.767,9
CLAUDE,0.068,4.835,0
ERIK,0.068,4.903,1
DARRYL,0.067,4.970,2
JAMIE,0.066,5.037,3
NEIL,0.066,5.102,4
JESSIE,0.065,5.168,5
CHRISTIAN,0.065,5.233,6
JAVIER,0.065,5.297,7
FERNANDO,0.065,5.362,8
CLINTON,0.065,5.427,9
TED,0.064,5.491,0
MATHEW,0.064,5.555,1
TYRONE,0.064,5.619,2
DARREN,0.064,5.683,3
LONNIE,0.064,5.746,4
LANCE,0.063,5.810,5
CODY,0.063,5.873,6
JULIO,0.063,5.936,7
KELLY,0.063,5.998,8
KURT,0.062,6.061,9
ALLAN,0.061,6.122,0
NELSON,0.061,6.182,1
GUY,0.060,6.243,2
CLAYTON,0.060,6.303,3
HUGH,0.060,6.363,4
MAX,0.059,6.421,5
DWAYNE,0.059,6.480,6
DWIGHT,0.058,6.538,7
ARMANDO,0.058,6.596,8
FELIX,0.058,6.654,9
JIMMIE,0.058,6.711,0
EVERETT,0.057,6.768,1
JORDAN,0.056,6.824,2
IAN,0.056,6.880,3
WALLACE,0.056,6.936,4
KEN,0.055,6.991,5
BOB,0.055,7.047,6
JAIME,0.055,7.102,7
CASEY,0.054,7.156,8
ALFREDO,0.054,7.210,9
ALBERTO,0.053,7.263,0
DAVE,0.053,7.316,1
IVAN,0.053,7.369,2
JOHNNIE,0.052,7.421,3
SIDNEY,0.052,7.474,4
BYRON,0.052,7.526,5
JULIAN,0.052,7.578,6
ISAAC,0.051,7.629,7
MORRIS,0.051,7.680,8
CLIFTON,0.050,7.730,9
WILLARD,0.050,7.780,0
DARYL,0.050,7.831,1
ROSS,0.050,7.880,2
VIRGIL,0.049,7.929,3
ANDY,0.049,7.979,4
MARSHALL,0.049,8.028,5
SALVADOR,0.049,8.077,6
PERRY,0.049,8.126,7
KIRK,0.049,8.175,8
SERGIO,0.049,8.224,9
MARION,0.048,8.272,0
TRACY,0.048,8.320,1
SETH,0.048,8.368,2
KENT,0.048,8.416,3
TERRANCE,0.048,8.464,4
RENE,0.048,8.512,5
EDUARDO,0.047,8.559,6
TERRENCE,0.047,8.606,7
ENRIQUE,0.046,8.652,8
FREDDIE,0.046,8.698,9
WADE,0.045,8.743,0
AUSTIN,0.044,8.786,1
STUART,0.044,8.830,2
FREDRICK,0.043,8.873,3
ARTURO,0.043,8.917,4
ALEJANDRO,0.043,8.960,5
JACKIE,0.043,9.002,6
JOEY,0.043,9.045,7
NICK,0.043,9.088,8
LUTHER,0.043,9.130,9
WENDELL,0.042,9.172,0
JEREMIAH,0.042,9.215,1
EVAN,0.042,9.257,2
JULIUS,0.042,9.298,3
DANA,0.042,9.340,4
DONNIE,0.041,9.381,5
OTIS,0.041,9.422,6
SHANNON,0.040,9.462,7
TREVOR,0.040,9.503,8
OLIVER,0.040,9.543,9
LUKE,0.040,9.583,0
HOMER,0.040,9.623,1
GERARD,0.040,9.663,2
DOUG,0.040,9.703,3
KENNY,0.039,9.742,4
HUBERT,0.039,9.782,5
ANGELO,0.039,9.821,6
SHAUN,0.039,9.859,7
LYLE,0.038,9.898,8
MATT,0.038,9.936,9
LYNN,0.038,9.974,0
ALFONSO,0.038,0.012,1
ORLANDO,0.037,0.049,2
REX,0.037,0.086,3
CARLTON,0.037,0.123,4
ERNESTO,0.037,0.160,5
CAMERON,0.037,0.197,6
NEAL,0.037,0.233,7
PABLO,0.036,0.270,8
LORENZO,0.036,0.306,9
OMAR,0.036,0.342,0
WILBUR,0.036,0.378,1
BLAKE,0.036,0.414,2
GRANT,0.036,0.450,3
HORACE,0.036,0.486,4
RODERICK,0.036,0.521,5
KERRY,0.036,0.557,6
ABRAHAM,0.035,0.592,7
WILLIS,0.035,0.627,8
RICKEY,0.035,0.662,9
JEAN,0.035,0.696,0
IRA,0.035,0.731,1
ANDRES,0.034,0.766,2
CESAR,0.034,0.800,3
JOHNATHAN,0.034,0.834,4
MALCOLM,0.034,0.868,5
RUDOLPH,0.034,0.902,6
DAMON,0.034,0.936,7
KELVIN,0.034,0.970,8
RUDY,0.034,1.004,9
PRESTON,0.034,1.037,0
ALTON,0.033,1.071,1
ARCHIE,0.033,1.104,2
MARCO,0.033,1.137,3
WM,0.033,1.170,4
PETE,0.032,1.202,5
RANDOLPH,0.032,1.234,6
GARRY,0.032,1.267,7
GEOFFREY,0.032,1.299,8
JONATHON,0.032,1.331,9
FELIPE,0.032,1.363,0
BENNIE,0.032,1.395,1
GERARDO,0.032,1.427,2
ED,0.032,1.458,3
DOMINIC,0.032,1.490,4
ROBIN,0.032,1.522,5
LOREN,0.032,1.553,6
DELBERT,0.031,1.585,7
COLIN,0.031,1.616,8
GUILLERMO,0.031,1.647,9
EARNEST,0.031,1.678,0
LUCAS,0.031,1.709,1
BENNY,0.030,1.739,2
NOEL,0.030,1.769,3
SPENCER,0.030,1.799,4
RODOLFO,0.030,1.828,5
MYRON,0.030,1.858,6
EDMUND,0.030,1.887,7
GARRETT,0.029,1.917,8
SALVATORE,0.029,1.946,9
CEDRIC,0.029,1.975,0
LOWELL,0.029,2.004,1
GREGG,0.029,2.032,2
SHERMAN,0.028,2.061,3
WILSON,0.028,2.089,4
DEVIN,0.028,2.117,5
SYLVESTER,0.028,2.145,6
KIM,0.028,2.173,7
ROOSEVELT,0.028,2.201,8
ISRAEL,0.028,2.229,9
JERMAINE,0.028,2.257,0
FORREST,0.027,2.284,1
WILBERT,0.027,2.310,2
LELAND,0.027,2.337,3
SIMON,0.026,2.363,4
GUADALUPE,0.026,2.390,5
CLARK,0.026,2.416,6
IRVING,0.026,2.442,7
CARROLL,0.026,2.468,8
BRYANT,0.026,2.494,9
OWEN,0.026,2.519,0
RUFUS,0.025,2.545,1
WOODROW,0.025,2.570,2
SAMMY,0.025,2.595,3
KRISTOPHER,0.025,2.620,4
MACK,0.025,2.645,5
LEVI,0.025,2.670,6
MARCOS,0.025,2.695,7
GUSTAVO,0.025,2.720,8
JAKE,0.025,2.744,9
LIONEL,0.024,2.769,0
MARTY,0.024,2.793,1
TAYLOR,0.024,2.817,2
ELLIS,0.024,2.842,3
DALLAS,0.024,2.866,4
GILBERTO,0.024,2.890,5
CLINT,0.024,2.914,6
NICOLAS,0.024,2.938,7
LAURENCE,0.024,2.962,8
ISMAEL,0.024,2.985,9
ORVILLE,0.024,3.009,0
DREW,0.024,3.033,1
JODY,0.024,3.056,2
ERVIN,0.023,3.080,3
DEWEY,0.023,3.103,4
AL,0.023,3.126,5
WILFRED,0.023,3.150,6
JOSH,0.023,3.173,7
HUGO,0.023,3.196,8
IGNACIO,0.023,3.219,9
CALEB,0.023,3.241,0
TOMAS,0.023,3.264,1
SHELDON,0.023,3.287,2
ERICK,0.023,3.310,3
FRANKIE,0.023,3.332,4
STEWART,0.022,3.354,5
DOYLE,0.022,3.377,6
DARREL,0.022,3.399,7
ROGELIO,0.022,3.421,8
TERENCE,0.022,3.443,9
SANTIAGO,0.022,3.465,0
ALONZO,0.022,3.487,1
ELIAS,0.022,3.508,2
BERT,0.022,3.530,3
ELBERT,0.022,3.552,4
RAMIRO,0.022,3.573,5
CONRAD,0.022,3.595,6
PAT,0.022,3.616,7
NOAH,0.022,3.638,8
GRADY,0.021,3.659,9
PHIL,0.021,3.681,0
CORNELIUS,0.021,3.702,1
LAMAR,0.021,3.723,2
ROLANDO,0.021,3.744,3
CLAY,0.021,3.765,4
PERCY,0.021,3.786,5
DEXTER,0.021,3.806,6
BRADFORD,0.021,3.827,7
MERLE,0.021,3.848,8
DARIN,0.020,3.868,9
AMOS,0.020,3.888,0
TERRELL,0.020,3.909,1
MOSES,0.020,3.929,2
IRVIN,0.020,3.949,3
SAUL,0.020,3.968,4
ROMAN,0.020,3.988,5
DARNELL,0.020,4.008,6
RANDAL,0.020,4.027,7
TOMMIE,0.020,4.047,8
TIMMY,0.019,4.066,9
DARRIN,0.019,4.086,0
WINSTON,0.019,4.105,1
BRENDAN,0.019,4.124,2
TOBY,0.019,4.144,3
VAN,0.019,4.163,4
ABEL,0.019,4.182,5
DOMINICK,0.019,4.201,6
BOYD,0.019,4.220,7
COURTNEY,0.019,4.240,8
JAN,0.019,4.259,9
EMILIO,0.019,4.277,0
ELIJAH,0.019,4.296,1
CARY,0.019,4.315,2
DOMINGO,0.019,4.334,3
SANTOS,0.019,4.353,4
AUBREY,0.019,4.372,5
EMMETT,0.019,4.390,6
MARLON,0.019,4.409,7
EMANUEL,0.019,4.428,8
JERALD,0.019,4.446,9
EDMOND,0.019,4.465,0
EMIL,0.019,4.483,1
DEWAYNE,0.018,4.502,2
WILL,0.018,4.520,3
OTTO,0.018,4.538,4
TEDDY,0.018,4.556,5
REYNALDO,0.018,4.574,6
BRET,0.018,4.592,7
MORGAN,0.018,4.610,8
JESS,0.018,4.628,9
TRENT,0.018,4.646,0
HUMBERTO,0.018,4.664,1
EMMANUEL,0.018,4.681,2
STEPHAN,0.018,4.699,3
LOUIE,0.018,4.717,4
VICENTE,0.017,4.734,5
LAMONT,0.017,4.751,6
STACY,0.017,4.769,7
GARLAND,0.017,4.786,8
MILES,0.017,4.803,9
MICAH,0.017,4.820,0
EFRAIN,0.017,4.837,1
BILLIE,0.017,4.854,2
LOGAN,0.017,4.871,3
HEATH,0.017,4.887,4
RODGER,0.017,4.904,5
HARLEY,0.017,4.921,6
DEMETRIUS,0.017,4.937,7
ETHAN,0.017,4.954,8
ELDON,0.017,4.970,9
ROCKY,0.016,4.987,0
PIERRE,0.016,5.003,1
JUNIOR,0.016,5.020,2
FREDDY,0.016,5.036,3
ELI,0.016,5.052,4
BRYCE,0.016,5.068,5
ANTOINE,0.016,5.084,6
ROBBIE,0.016,5.100,7
KENDALL,0.016,5.116,8
ROYCE,0.016,5.132,9
STERLING,0.016,5.148,0
MICKEY,0.016,5.164,1
CHASE,0.016,5.180,2
GROVER,0.016,5.196,3
ELTON,0.016,5.212,4
CLEVELAND,0.016,5.228,5
DYLAN,0.016,5.243,6
CHUCK,0.016,5.259,7
DAMIAN,0.016,5.274,8
REUBEN,0.015,5.290,9
STAN,0.015,5.305,0
AUGUST,0.015,5.321,1
LEONARDO,0.015,5.336,2
JASPER,0.015,5.351,3
RUSSEL,0.015,5.367,4
ERWIN,0.015,5.382,5
BENITO,0.015,5.397,6
HANS,0.015,5.412,7
MONTE,0.015,5.427,8
BLAINE,0.015,5.442,9
ERNIE,0.015,5.456,0
CURT,0.015,5.471,1
QUENTIN,0.015,5.486,2
AGUSTIN,0.015,5.500,3
MURRAY,0.015,5.515,4
JAMAL,0.014,5.529,5
DEVON,0.014,5.544,6
ADOLFO,0.014,5.558,7
HARRISON,0.014,5.573,8
TYSON,0.014,5.587,9
BURTON,0.014,5.601,0
BRADY,0.014,5.616,1
ELLIOTT,0.014,5.630,2
WILFREDO,0.014,5.644,3
BART,0.014,5.658,4
JARROD,0.014,5.672,5
VANCE,0.014,5.686,6
DENIS,0.014,5.700,7
DAMIEN,0.014,5.714,8
JOAQUIN,0.014,5.728,9
HARLAN,0.014,5.742,0
DESMOND,0.014,5.756,1
ELLIOT,0.014,5.770,2
DARWIN,0.014,5.783,3
ASHLEY,0.014,5.797,4
GREGORIO,0.014,5.811,5
BUDDY,0.014,5.824,6
XAVIER,0.013,5.838,7
KERMIT,0.013,5.851,8
ROSCOE,0.013,5.865,9
ESTEBAN,0.013,5.878,0
ANTON,0.013,5.891,1
SOLOMON,0.013,5.904,2
SCOTTY,0.013,5.917,3
NORBERT,0.013,5.930,4
ELVIN,0.013,5.943,5
WILLIAMS,0.013,5.956,6
NOLAN,0.013,5.969,7
CAREY,0.013,5.982,8
ROD,0.013,5.994,9
QUINTON,0.013,6.007,0
HAL,0.013,6.020,1
BRAIN,0.013,6.033,2
ROB,0.013,6.045,3
ELWOOD,0.013,6.058,4
KENDRICK,0.013,6.070,5
DARIUS,0.013,6.083,6
MOISES,0.013,6.096,7
SON,0.012,6.108,8
MARLIN,0.012,6.120,9
FIDEL,0.012,6.133,0
THADDEUS,0.012,6.145,1
CLIFF,0.012,6.158,2
MARCEL,0.012,6.170,3
ALI,0.012,6.182,4
JACKSON,0.012,6.195,5
RAPHAEL,0.012,6.207,6
BRYON,0.012,6.219,7
ARMAND,0.012,6.231,8
ALVARO,0.012,6.244,9
JEFFRY,0.012,6.256,0
DANE,0.012,6.268,1
JOESPH,0.012,6.280,2
THURMAN,0.012,6.292,3
NED,0.012,6.304,4
SAMMIE,0.012,6.316,5
RUSTY,0.012,6.328,6
MICHEL,0.012,6.339,7
MONTY,0.012,6.351,8
RORY,0.012,6.363,9
FABIAN,0.012,6.374,0
REGGIE,0.012,6.386,1
MASON,0.012,6.397,2
GRAHAM,0.012,6.409,3
KRIS,0.011,6.420,4
ISAIAH,0.011,6.432,5
VAUGHN,0.011,6.443,6
GUS,0.011,6.454,7
AVERY,0.011,6.466,8
LOYD,0.011,6.477,9
DIEGO,0.011,6.488,0
ALEXIS,0.011,6.499,1
ADOLPH,0.011,6.511,2
NORRIS,0.011,6.522,3
MILLARD,0.011,6.533,4
ROCCO,0.011,6.544,5
GONZALO,0.011,6.555,6
DERICK,0.011,6.566,7
RODRIGO,0.011,6.577,8
GERRY,0.011,6.588,9
STACEY,0.011,6.599,0
CARMEN,0.011,6.610,1
WILEY,0.011,6.621,2
RIGOBERTO,0.011,6.632,3
ALPHONSO,0.011,6.643,4
TY,0.011,6.654,5
SHELBY,0.011,6.664,6
RICKIE,0.011,6.675,7
NOE,0.011,6.686,8
VERN,0.010,6.696,9
BOBBIE,0.010,6.707,0
REED,0.010,6.717,1
JEFFERSON,0.010,6.727,2
ELVIS,0.010,6.738,3
BERNARDO,0.010,6.748,4
MAURICIO,0.010,6.758,5
HIRAM,0.010,6.768,6
DONOVAN,0.010,6.778,7
BASIL,0.010,6.789,8
RILEY,0.010,6.799,9
OLLIE,0.010,6.809,0
NICKOLAS,0.010,6.819,1
MAYNARD,0.010,6.829,2
SCOT,0.010,6.840,3
VINCE,0.010,6.850,4
QUINCY,0.010,6.860,5
EDDY,0.010,6.870,6
SEBASTIAN,0.010,6.880,7
FEDERICO,0.010,6.890,8
ULYSSES,0.010,6.900,9
HERIBERTO,0.010,6.910,0
DONNELL,0.010,6.920,1
COLE,0.010,6.929,2
DENNY,0.010,6.939,3
DAVIS,0.010,6.949,4
GAVIN,0.010,6.959,5
EMERY,0.010,6.969,6
WARD,0.010,6.979,7
ROMEO,0.010,6.989,8
JAYSON,0.010,6.998,9
DION,0.010,7.008,0
DANTE,0.010,7.018,1
CLEMENT,0.010,7.028,2
COY,0.010,7.037,3
ODELL,0.010,7.047,4
MAXWELL,0.010,7.057,5
JARVIS,0.010,7.066,6
BRUNO,0.010,7.076,7
ISSAC,0.010,7.086,8
MARY,0.009,7.095,9
DUDLEY,0.009,7.104,0
BROCK,0.009,7.114,1
SANFORD,0.009,7.123,2
COLBY,0.009,7.133,3
CARMELO,0.009,7.142,4
BARNEY,0.009,7.152,5
NESTOR,0.009,7.161,6
HOLLIS,0.009,7.170,7
STEFAN,0.009,7.180,8
DONNY,0.009,7.189,9
ART,0.009,7.198,0
LINWOOD,0.009,7.208,1
BEAU,0.009,7.217,2
WELDON,0.009,7.226,3
GALEN,0.009,7.235,4
ISIDRO,0.009,7.244,5
TRUMAN,0.009,7.253,6
DELMAR,0.009,7.262,7
JOHNATHON,0.009,7.271,8
SILAS,0.009,7.280,9
FREDERIC,0.009,7.289,0
DICK,0.009,7.298,1
KIRBY,0.009,7.307,2
IRWIN,0.009,7.316,3
CRUZ,0.009,7.325,4
MERLIN,0.009,7.334,5
MERRILL,0.009,7.343,6
CHARLEY,0.009,7.351,7
MARCELINO,0.009,7.360,8
LANE,0.009,7.369,9
HARRIS,0.009,7.378,0
CLEO,0.009,7.386,1
CARLO,0.009,7.395,2
TRENTON,0.009,7.404,3
KURTIS,0.009,7.413,4
HUNTER,0.009,7.421,5
AURELIO,0.009,7.430,6
WINFRED,0.009,7.438,7
VITO,0.009,7.447,8
COLLIN,0.009,7.456,9
DENVER,0.009,7.464,0
CARTER,0.009,7.473,1
LEONEL,0.008,7.481,2
EMORY,0.008,7.490,3
PASQUALE,0.008,7.498,4
MOHAMMAD,0.008,7.506,5
MARIANO,0.008,7.514,6
DANIAL,0.008,7.523,7
BLAIR,0.008,7.531,8
LANDON,0.008,7.539,9
DIRK,0.008,7.548,0
BRANDEN,0.008,7.556,1
ADAN,0.008,7.564,2
NUMBERS,0.008,7.572,3
CLAIR,0.008,7.581,4
BUFORD,0.008,7.589,5
GERMAN,0.008,7.597,6
BERNIE,0.008,7.605,7
WILMER,0.008,7.613,8
JOAN,0.008,7.621,9
EMERSON,0.008,7.629,0
ZACHERY,0.008,7.637,1
FLETCHER,0.008,7.645,2
JACQUES,0.008,7.653,3
ERROL,0.008,7.661,4
DALTON,0.008,7.669,5
MONROE,0.008,7.676,6
JOSUE,0.008,7.684,7
DOMINIQUE,0.008,7.692,8
EDWARDO,0.008,7.700,9
BOOKER,0.008,7.708,0
WILFORD,0.008,7.715,1
SONNY,0.008,7.723,2
SHELTON,0.008,7.731,3
CARSON,0.008,7.739,4
THERON,0.008,7.746,5
RAYMUNDO,0.008,7.754,6
DAREN,0.008,7.762,7
TRISTAN,0.008,7.769,8
HOUSTON,0.008,7.777,9
ROBBY,0.008,7.785,0
LINCOLN,0.008,7.792,1
JAME,0.008,7.800,2
GENARO,0.008,7.807,3
GALE,0.008,7.815,4
BENNETT,0.008,7.822,5
OCTAVIO,0.008,7.830,6
CORNELL,0.008,7.838,7
LAVERNE,0.008,7.845,8
HUNG,0.008,7.853,9
ARRON,0.008,7.860,0
ANTONY,0.008,7.868,1
HERSCHEL,0.007,7.875,2
ALVA,0.007,7.883,3
GIOVANNI,0.007,7.890,4
GARTH,0.007,7.897,5
CYRUS,0.007,7.905,6
CYRIL,0.007,7.912,7
RONNY,0.007,7.920,8
STEVIE,0.007,7.927,9
LON,0.007,7.934,0
FREEMAN,0.007,7.941,1
ERIN,0.007,7.949,2
DUNCAN,0.007,7.956,3
KENNITH,0.007,7.963,4
CARMINE,0.007,7.970,5
AUGUSTINE,0.007,7.978,6
YOUNG,0.007,7.985,7
ERICH,0.007,7.992,8
CHADWICK,0.007,7.999,9
WILBURN,0.007,8.006,0
RUSS,0.007,8.013,1
REID,0.007,8.021,2
MYLES,0.007,8.028,3
ANDERSON,0.007,8.035,4
MORTON,0.007,8.042,5
JONAS,0.007,8.049,6
FOREST,0.007,8.056,7
MITCHEL,0.007,8.063,8
MERVIN,0.007,8.070,9
ZANE,0.007,8.077,0
RICH,0.007,8.084,1
JAMEL,0.007,8.091,2
LAZARO,0.007,8.098,3
ALPHONSE,0.007,8.105,4
RANDELL,0.007,8.112,5
MAJOR,0.007,8.119,6
JOHNIE,0.007,8.126,7
JARRETT,0.007,8.133,8
BROOKS,0.007,8.140,9
ARIEL,0.007,8.147,0
ABDUL,0.007,8.154,1
DUSTY,0.007,8.161,2
LUCIANO,0.007,8.168,3
LINDSEY,0.007,8.174,4
TRACEY,0.007,8.181,5
SEYMOUR,0.007,8.188,6
SCOTTIE,0.007,8.195,7
EUGENIO,0.007,8.202,8
MOHAMMED,0.007,8.208,9
SANDY,0.007,8.215,0
VALENTIN,0.007,8.222,1
CHANCE,0.007,8.228,2
ARNULFO,0.007,8.235,3
LUCIEN,0.007,8.242,4
FERDINAND,0.007,8.248,5
THAD,0.007,8.255,6
EZRA,0.007,8.262,7
SYDNEY,0.007,8.268,8
ALDO,0.007,8.275,9
RUBIN,0.006,8.281,0
ROYAL,0.006,8.288,1
MITCH,0.006,8.294,2
EARLE,0.006,8.301,3
ABE,0.006,8.307,4
WYATT,0.006,8.314,5
MARQUIS,0.006,8.320,6
LANNY,0.006,8.326,7
KAREEM,0.006,8.333,8
JAMAR,0.006,8.339,9
BORIS,0.006,8.346,0
ISIAH,0.006,8.352,1
EMILE,0.006,8.358,2
ELMO,0.006,8.365,3
ARON,0.006,8.371,4
LEOPOLDO,0.006,8.377,5
EVERETTE,0.006,8.384,6
JOSEF,0.006,8.390,7
GAIL,0.006,8.396,8
ELOY,0.006,8.403,9
DORIAN,0.006,8.409,0
RODRICK,0.006,8.415,1
REINALDO,0.006,8.421,2
LUCIO,0.006,8.427,3
JERROD,0.006,8.434,4
WESTON,0.006,8.440,5
HERSHEL,0.006,8.446,6
BARTON,0.006,8.452,7
PARKER,0.006,8.458,8
LEMUEL,0.006,8.464,9
LAVERN,0.006,8.470,0
BURT,0.006,8.477,1
JULES,0.006,8.483,2
GIL,0.006,8.489,3
ELISEO,0.006,8.495,4
AHMAD,0.006,8.501,5
NIGEL,0.006,8.507,6
EFREN,0.006,8.513,7
ANTWAN,0.006,8.519,8
ALDEN,0.006,8.525,9
MARGARITO,0.006,8.531,0
COLEMAN,0.006,8.537,1
REFUGIO,0.006,8.543,2
DINO,0.006,8.549,3
OSVALDO,0.006,8.555,4
LES,0.006,8.560,5
DEANDRE,0.006,8.566,6
NORMAND,0.006,8.572,7
KIETH,0.006,8.578,8
IVORY,0.006,8.584,9
ANDREA,0.006,8.590,0
TREY,0.006,8.595,1
NORBERTO,0.006,8.601,2
NAPOLEON,0.006,8.607,3
JEROLD,0.006,8.613,4
FRITZ,0.006,8.619,5
ROSENDO,0.006,8.624,6
MILFORD,0.006,8.630,7
SANG,0.006,8.636,8
DEON,0.006,8.641,9
CHRISTOPER,0.006,8.647,0
ALFONZO,0.006,8.653,1
LYMAN,0.006,8.658,2
JOSIAH,0.006,8.664,3
BRANT,0.006,8.670,4
WILTON,0.006,8.675,5
RICO,0.006,8.681,6
JAMAAL,0.006,8.687,7
DEWITT,0.006,8.692,8
CAROL,0.006,8.698,9
BRENTON,0.006,8.704,0
YONG,0.006,8.709,1
OLIN,0.006,8.715,2
FOSTER,0.006,8.720,3
FAUSTINO,0.006,8.726,4
CLAUDIO,0.006,8.731,5
JUDSON,0.006,8.737,6
GINO,0.006,8.743,7
EDGARDO,0.006,8.748,8
BERRY,0.006,8.754,9
ALEC,0.006,8.759,0
TANNER,0.006,8.765,1
JARRED,0.006,8.770,2
DONN,0.006,8.776,3
TRINIDAD,0.005,8.781,4
TAD,0.005,8.787,5
SHIRLEY,0.005,8.792,6
PRINCE,0.005,8.798,7
PORFIRIO,0.005,8.803,8
ODIS,0.005,8.809,9
MARIA,0.005,8.814,0
LENARD,0.005,8.820,1
CHAUNCEY,0.005,8.825,2
CHANG,0.005,8.831,3
TOD,0.005,8.836,4
MEL,0.005,8.842,5
MARCELO,0.005,8.847,6
KORY,0.005,8.853,7
AUGUSTUS,0.005,8.858,8
KEVEN,0.005,8.864,9
HILARIO,0.005,8.869,0
BUD,0.005,8.874,1
SAL,0.005,8.880,2
ROSARIO,0.005,8.885,3
ORVAL,0.005,8.891,4
MAURO,0.005,8.896,5
DANNIE,0.005,8.901,6
ZACHARIAH,0.005,8.907,7
OLEN,0.005,8.912,8
ANIBAL,0.005,8.917,9
MILO,0.005,8.923,0
JED,0.005,8.928,1
FRANCES,0.005,8.933,2
THANH,0.005,8.939,3
DILLON,0.005,8.944,4
AMADO,0.005,8.949,5
NEWTON,0.005,8.955,6
CONNIE,0.005,8.960,7
LENNY,0.005,8.965,8
TORY,0.005,8.970,9
RICHIE,0.005,8.975,0
LUPE,0.005,8.981,1
HORACIO,0.005,8.986,2
BRICE,0.005,8.991,3
MOHAMED,0.005,8.996,4
DELMER,0.005,9.001,5
DARIO,0.005,9.006,6
REYES,0.005,9.012,7
DEE,0.005,9.017,8
MAC,0.005,9.022,9
JONAH,0.005,9.027,0
JERROLD,0.005,9.032,1
ROBT,0.005,9.037,2
HANK,0.005,9.042,3
SUNG,0.005,9.047,4
RUPERT,0.005,9.052,5
ROLLAND,0.005,9.057,6
KENTON,0.005,9.062,7
DAMION,0.005,9.067,8
CHI,0.005,9.072,9
ANTONE,0.005,9.077,0
WALDO,0.005,9.082,1
FREDRIC,0.005,9.087,2
BRADLY,0.005,9.092,3
QUINN,0.005,9.097,4
KIP,0.005,9.102,5
BURL,0.005,9.107,6
WALKER,0.005,9.112,7
TYREE,0.005,9.117,8
JEFFEREY,0.005,9.122,9
AHMED,0.005,9.127,0
WILLY,0.005,9.132,1
STANFORD,0.005,9.137,2
OREN,0.005,9.142,3
NOBLE,0.005,9.146,4
MOSHE,0.005,9.151,5
MIKEL,0.005,9.156,6
ENOCH,0.005,9.161,7
BRENDON,0.005,9.166,8
QUINTIN,0.005,9.171,9
JAMISON,0.005,9.176,0
FLORENCIO,0.005,9.181,1
DARRICK,0.005,9.185,2
TOBIAS,0.005,9.190,3
MINH,0.005,9.195,4
HASSAN,0.005,9.200,5
GIUSEPPE,0.005,9.205,6
DEMARCUS,0.005,9.210,7
CLETUS,0.005,9.214,8
TYRELL,0.005,9.219,9
LYNDON,0.005,9.224,0
KEENAN,0.005,9.229,1
WERNER,0.005,9.234,2
THEO,0.005,9.238,3
GERALDO,0.005,9.243,4
LOU,0.005,9.248,5
COLUMBUS,0.005,9.253,6
CHET,0.005,9.257,7
BERTRAM,0.005,9.262,8
MARKUS,0.005,9.267,9
HUEY,0.005,9.271,0
HILTON,0.005,9.276,1
DWAIN,0.005,9.281,2
DONTE,0.005,9.285,3
TYRON,0.005,9.290,4
OMER,0.005,9.295,5
ISAIAS,0.005,9.299,6
HIPOLITO,0.005,9.304,7
FERMIN,0.005,9.309,8
CHUNG,0.005,9.313,9
ADALBERTO,0.005,9.318,0
VALENTINE,0.005,9.323,1
JAMEY,0.005,9.327,2
BO,0.005,9.332,3
BARRETT,0.005,9.336,4
WHITNEY,0.005,9.341,5
TEODORO,0.005,9.345,6
MCKINLEY,0.005,9.350,7
MAXIMO,0.005,9.355,8
GARFIELD,0.005,9.359,9
SOL,0.005,9.364,0
RALEIGH,0.005,9.368,1
LAWERENCE,0.005,9.373,2
ABRAM,0.005,9.377,3
RASHAD,0.004,9.382,4
KING,0.004,9.386,5
EMMITT,0.004,9.391,6
DARON,0.004,9.395,7
CHONG,0.004,9.400,8
SAMUAL,0.004,9.404,9
PARIS,0.004,9.409,0
OTHA,0.004,9.413,1
MIQUEL,0.004,9.418,2
LACY,0.004,9.422,3
EUSEBIO,0.004,9.426,4
DONG,0.004,9.431,5
DOMENIC,0.004,9.435,6
DARRON,0.004,9.440,7
BUSTER,0.004,9.444,8
ANTONIA,0.004,9.449,9
WILBER,0.004,9.453,0
RENATO,0.004,9.458,1
JC,0.004,9.462,2
HOYT,0.004,9.466,3
HAYWOOD,0.004,9.471,4
EZEKIEL,0.004,9.475,5
CHAS,0.004,9.480,6
FLORENTINO,0.004,9.484,7
ELROY,0.004,9.489,8
CLEMENTE,0.004,9.493,9
ARDEN,0.004,9.497,0
NEVILLE,0.004,9.502,1
KELLEY,0.004,9.506,2
EDISON,0.004,9.510,3
DESHAWN,0.004,9.515,4
CARROL,0.004,9.519,5
SHAYNE,0.004,9.523,6
NATHANIAL,0.004,9.528,7
JORDON,0.004,9.532,8
DANILO,0.004,9.536,9
CLAUD,0.004,9.541,0
VAL,0.004,9.545,1
SHERWOOD,0.004,9.549,2
RAYMON,0.004,9.554,3
RAYFORD,0.004,9.558,4
CRISTOBAL,0.004,9.562,5
AMBROSE,0.004,9.567,6
TITUS,0.004,9.571,7
HYMAN,0.004,9.575,8
FELTON,0.004,9.579,9
EZEQUIEL,0.004,9.584,0
ERASMO,0.004,9.588,1
STANTON,0.004,9.592,2
LONNY,0.004,9.596,3
LEN,0.004,9.601,4
IKE,0.004,9.605,5
MILAN,0.004,9.609,6
LINO,0.004,9.613,7
JAROD,0.004,9.617,8
HERB,0.004,9.622,9
ANDREAS,0.004,9.626,0
WALTON,0.004,9.630,1
RHETT,0.004,9.634,2
PALMER,0.004,9.638,3
JUDE,0.004,9.642,4
DOUGLASS,0.004,9.647,5
CORDELL,0.004,9.651,6
OSWALDO,0.004,9.655,7
ELLSWORTH,0.004,9.659,8
VIRGILIO,0.004,9.663,9
TONEY,0.004,9.667,0
NATHANAEL,0.004,9.671,1
DEL,0.004,9.675,2
BRITT,0.004,9.679,3
BENEDICT,0.004,9.684,4
MOSE,0.004,9.688,5
HONG,0.004,9.692,6
LEIGH,0.004,9.696,7
JOHNSON,0.004,9.700,8
ISREAL,0.004,9.704,9
GAYLE,0.004,9.708,0
GARRET,0.004,9.712,1
FAUSTO,0.004,9.716,2
ASA,0.004,9.720,3
ARLEN,0.004,9.724,4
ZACK,0.004,9.728,5
WARNER,0.004,9.732,6
MODESTO,0.004,9.736,7
FRANCESCO,0.004,9.740,8
MANUAL,0.004,9.744,9
JAE,0.004,9.748,0
GAYLORD,0.004,9.752,1
GASTON,0.004,9.756,2
FILIBERTO,0.004,9.759,3
DEANGELO,0.004,9.763,4
MICHALE,0.004,9.767,5
GRANVILLE,0.004,9.771,6
WES,0.004,9.775,7
MALIK,0.004,9.779,8
ZACKARY,0.004,9.783,9
TUAN,0.004,9.787,0
NICKY,0.004,9.790,1
ELDRIDGE,0.004,9.794,2
CRISTOPHER,0.004,9.798,3
CORTEZ,0.004,9.802,4
ANTIONE,0.004,9.806,5
MALCOM,0.004,9.809,6
LONG,0.004,9.813,7
KOREY,0.004,9.817,8
JOSPEH,0.004,9.821,9
COLTON,0.004,9.825,0
WAYLON,0.004,9.828,1
VON,0.004,9.832,2
HOSEA,0.004,9.836,3
SHAD,0.004,9.840,4
SANTO,0.004,9.843,5
RUDOLF,0.004,9.847,6
ROLF,0.004,9.851,7
REY,0.004,9.855,8
RENALDO,0.004,9.858,9
MARCELLUS,0.004,9.862,0
LUCIUS,0.004,9.866,1
LESLEY,0.004,9.870,2
KRISTOFER,0.004,9.873,3
BOYCE,0.004,9.877,4
BENTON,0.004,9.881,5
MAN,0.004,9.884,6
KASEY,0.004,9.888,7
JEWELL,0.004,9.892,8
HAYDEN,0.004,9.895,9
HARLAND,0.004,9.899,0
ARNOLDO,0.004,9.903,1
RUEBEN,0.004,9.907,2
LEANDRO,0.004,9.910,3
KRAIG,0.004,9.914,4
JERRELL,0.004,9.918,5
JEROMY,0.004,9.921,6
HOBERT,0.004,9.925,7
CEDRICK,0.004,9.929,8
ARLIE,0.004,9.932,9
WINFORD,0.004,9.936,0
WALLY,0.004,9.939,1
PATRICIA,0.004,9.943,2
LUIGI,0.004,9.947,3
KENETH,0.004,9.950,4
JACINTO,0.004,9.954,5
GRAIG,0.004,9.958,6
FRANKLYN,0.004,9.961,7
EDMUNDO,0.004,9.965,8
SID,0.004,9.968,9
PORTER,0.004,9.972,0
LEIF,0.004,9.976,1
LAUREN,0.004,9.979,2
JERAMY,0.004,9.983,3
ELISHA,0.004,9.986,4
BUCK,0.004,9.990,5
WILLIAN,0.004,9.994,6
VINCENZO,0.004,9.997,7
SHON,0.004,0.001,8
MICHAL,0.004,0.004,9
LYNWOOD,0.004,0.008,0
LINDSAY,0.004,0.011,1
JEWEL,0.004,0.015,2
JERE,0.004,0.018,3
HAI,0.004,0.022,4
ELDEN,0.004,0.026,5
DORSEY,0.004,0.029,6
DARELL,0.004,0.033,7
BRODERICK,0.004,0.036,8
ALONSO,0.004,0.040,9
