MARY,2.629,2.629,1
PATRICIA,1.073,3.702,2
LINDA,1.035,4.736,3
BARBARA,0.980,5.716,4
ELIZABETH,0.937,6.653,5
JENNIFER,0.932,7.586,6
MARIA,0.828,8.414,7
SUSAN,0.794,9.209,8
MARGARET,0.768,9.976,9
DOROTHY,0.727,0.703,0
LISA,0.704,1.407,1
NANCY,0.669,2.075,2
KAREN,0.667,2.742,3
BETTY,0.666,3.408,4
HELEN,0.663,4.071,5
SANDRA,0.629,4.700,6
DONNA,0.583,5.282,7
CAROL,0.565,5.848,8
RUTH,0.562,6.410,9
SHARON,0.522,6.932,0
MICHELLE,0.519,7.451,1
LAURA,0.510,7.961,2
SARAH,0.508,8.469,3
KIMBERLY,0.504,8.973,4
DEBORAH,0.494,9.467,5
JESSICA,0.490,9.958,6
SHIRLEY,0.482,0.439,7
CYNTHIA,0.469,0.908,8
ANGELA,0.468,1.376,9
MELISSA,0.462,1.839,0
BRENDA,0.455,2.293,1
AMY,0.451,2.745,2
ANNA,0.440,3.185,3
REBECCA,0.430,3.615,4
VIRGINIA,0.430,4.044,5
KATHLEEN,0.424,4.468,6
PAMELA,0.416,4.884,7
MARTHA,0.412,5.297,8
DEBRA,0.408,5.704,9
AMANDA,0.404,6.108,0
STEPHANIE,0.400,6.508,1
CAROLYN,0.385,6.893,2
CHRISTINE,0.382,7.275,3
MARIE,0.379,7.655,4
JANET,0.379,8.034,5
CATHERINE,0.373,8.408,6
FRANCES,0.370,8.777,7
ANN,0.364,9.141,8
JOYCE,0.364,9.505,9
DIANE,0.359,9.864,0
ALICE,0.357,0.221,1
JULIE,0.348,0.568,2
HEATHER,0.337,0.905,3
TERESA,0.336,1.241,4
DORIS,0.335,1.577,5
GLORIA,0.335,1.912,6
EVELYN,0.322,2.233,7
JEAN,0.315,2.548,8
CHERYL,0.315,2.863,9
MILDRED,0.313,3.176,0
KATHERINE,0.313,3.489,1
JOAN,0.306,3.795,2
ASHLEY,0.303,4.098,3
JUDITH,0.297,4.395,4
ROSE,0.296,4.691,5
JANICE,0.285,4.975,6
KELLY,0.283,5.258,7
NICOLE,0.281,5.539,8
JUDY,0.276,5.815,9
CHRISTINA,0.275,6.090,0
KATHY,0.272,6.362,1
THERESA,0.271,6.633,2
BEVERLY,0.267,6.900,3
DENISE,0.264,7.164,4
TAMMY,0.259,7.423,5
IRENE,0.252,7.675,6
JANE,0.250,7.925,7
LORI,0.248,8.173,8
RACHEL,0.242,8.415,9
MARILYN,0.241,8.657,0
ANDREA,0.236,8.893,1
KATHRYN,0.234,9.127,2
LOUISE,0.229,9.356,3
SARA,0.229,9.584,4
ANNE,0.228,9.812,5
JACQUELINE,0.228,0.040,6
WANDA,0.226,0.266,7
BONNIE,0.223,0.489,8
JULIA,0.223,0.711,9
RUBY,0.221,0.932,0
LOIS,0.220,1.153,1
TINA,0.220,1.372,2
PHYLLIS,0.219,1.591,3
NORMA,0.218,1.809,4
PAULA,0.217,2.026,5
DIANA,0.216,2.242,6
ANNIE,0.216,2.458,7
LILLIAN,0.211,2.669,8
EMILY,0.208,2.877,9
ROBIN,0.208,3.085,0
PEGGY,0.208,3.293,1
CRYSTAL,0.207,3.500,2
GLADYS,0.205,3.705,3
RITA,0.204,3.908,4
DAWN,0.202,4.111,5
CONNIE,0.200,4.311,6
FLORENCE,0.200,4.511,7
TRACY,0.197,4.708,8
EDNA,0.197,4.904,9
TIFFANY,0.195,5.100,0
CARMEN,0.195,5.295,1
ROSA,0.194,5.489,2
CINDY,0.192,5.681,3
GRACE,0.189,5.869,4
WENDY,0.185,6.055,5
VICTORIA,0.180,6.235,6
EDITH,0.179,6.414,7
KIM,0.178,6.592,8
SHERRY,0.178,6.770,9
SYLVIA,0.177,6.947,0
JOSEPHINE,0.177,7.123,1
THELMA,0.175,7.298,2
SHANNON,0.175,7.473,3
SHEILA,0.175,7.648,4
ETHEL,0.174,7.822,5
ELLEN,0.173,7.995,6
ELAINE,0.173,8.168,7
MARJORIE,0.173,8.341,8
CARRIE,0.171,8.512,9
CHARLOTTE,0.169,8.680,0
MONICA,0.166,8.847,1
ESTHER,0.166,9.013,2
PAULINE,0.165,9.178,3
EMMA,0.165,9.342,4
JUANITA,0.164,9.506,5
ANITA,0.162,9.669,6
RHONDA,0.162,9.830,7
HAZEL,0.161,9.991,8
AMBER,0.160,0.151,9
EVA,0.159,0.310,0
DEBBIE,0.157,0.467,1
APRIL,0.154,0.621,2
LESLIE,0.154,0.775,3
CLARA,0.153,0.928,4
LUCILLE,0.153,1.081,5
JAMIE,0.153,1.235,6
JOANNE,0.150,1.385,7
ELEANOR,0.150,1.535,8
VALERIE,0.149,1.684,9
DANIELLE,0.149,1.833,0
MEGAN,0.147,1.981,1
ALICIA,0.146,2.126,2
SUZANNE,0.145,2.272,3
MICHELE,0.145,2.417,4
GAIL,0.145,2.562,5
BERTHA,0.143,2.704,6
DARLENE,0.142,2.847,7
VERONICA,0.142,2.989,8
JILL,0.142,3.131,9
ERIN,0.141,3.272,0
GERALDINE,0.141,3.413,1
LAUREN,0.137,3.550,2
CATHY,0.137,3.687,3
JOANN,0.136,3.823,4
LORRAINE,0.135,3.958,5
LYNN,0.135,4.093,6
SALLY,0.135,4.228,7
REGINA,0.133,4.360,8
ERICA,0.130,4.490,9
BEATRICE,0.130,4.620,0
DOLORES,0.129,4.749,1
BERNICE,0.128,4.877,2
AUDREY,0.127,5.003,3
YVONNE,0.126,5.129,4
ANNETTE,0.125,5.255,5
JUNE,0.125,5.380,6
SAMANTHA,0.124,5.504,7
MARION,0.122,5.626,8
DANA,0.122,5.748,9
STACY,0.121,5.869,0
ANA,0.120,5.989,1
RENEE,0.120,6.109,2
IDA,0.118,6.227,3
VIVIAN,0.118,6.346,4
ROBERTA,0.117,6.463,5
HOLLY,0.117,6.580,6
BRITTANY,0.117,6.697,7
MELANIE,0.116,6.813,8
LORETTA,0.115,6.928,9
YOLANDA,0.115,7.043,0
JEANETTE,0.115,7.158,1
LAURIE,0.114,7.271,2
KATIE,0.113,7.385,3
KRISTEN,0.111,7.496,4
VANESSA,0.111,7.607,5
ALMA,0.111,7.718,6
SUE,0.111,7.829,7
ELSIE,0.110,7.939,8
BETH,0.110,8.049,9
JEANNE,0.109,8.158,0
VICKI,0.109,8.267,1
CARLA,0.107,8.374,2
TARA,0.107,8.482,3
ROSEMARY,0.107,8.589,4
EILEEN,0.105,8.694,5
TERRI,0.105,8.799,6
GERTRUDE,0.103,8.902,7
LUCY,0.103,9.005,8
TONYA,0.102,9.107,9
ELLA,0.101,9.208,0
STACEY,0.101,9.308,1
WILMA,0.099,9.408,2
GINA,0.099,9.506,3
KRISTIN,0.099,9.605,4
JESSIE,0.098,9.703,5
NATALIE,0.098,9.801,6
AGNES,0.098,9.899,7
VERA,0.098,9.997,8
WILLIE,0.097,0.094,9
CHARLENE,0.097,0.191,0
BESSIE,0.096,0.287,1
DELORES,0.095,0.382,2
MELINDA,0.094,0.477,3
PEARL,0.094,0.571,4
ARLENE,0.094,0.665,5
MAUREEN,0.092,0.757,6
COLLEEN,0.092,0.849,7
ALLISON,0.092,0.941,8
TAMARA,0.092,1.033,9
JOY,0.091,1.124,0
GEORGIA,0.091,1.215,1
CONSTANCE,0.091,1.305,2
LILLIE,0.090,1.396,3
CLAUDIA,0.090,1.485,4
JACKIE,0.090,1.575,5
MARCIA,0.090,1.665,6
TANYA,0.089,1.754,7
NELLIE,0.089,1.843,8
MINNIE,0.089,1.931,9
MARLENE,0.088,2.020,0
HEIDI,0.088,2.108,1
GLENDA,0.088,2.195,2
LYDIA,0.086,2.281,3
VIOLA,0.086,2.367,4
COURTNEY,0.086,2.453,5
MARIAN,0.086,2.539,6
STELLA,0.085,2.623,7
CAROLINE,0.085,2.708,8
DORA,0.084,2.792,9
JO,0.083,2.875,0
VICKIE,0.082,2.957,1
MATTIE,0.081,3.038,2
TERRY,0.080,3.118,3
MAXINE,0.079,3.198,4
IRMA,0.079,3.277,5
MABEL,0.078,3.355,6
MARSHA,0.078,3.434,7
MYRTLE,0.078,3.511,8
LENA,0.077,3.589,9
CHRISTY,0.077,3.665,0
DEANNA,0.076,3.742,1
PATSY,0.076,3.818,2
HILDA,0.075,3.893,3
GWENDOLYN,0.074,3.967,4
JENNIE,0.073,4.040,5
NORA,0.073,4.113,6
MARGIE,0.072,4.185,7
NINA,0.072,4.257,8
CASSANDRA,0.072,4.329,9
LEAH,0.072,4.401,0
PENNY,0.071,4.472,1
KAY,0.071,4.543,2
PRISCILLA,0.071,4.614,3
NAOMI,0.071,4.684,4
CAROLE,0.071,4.755,5
BRANDY,0.070,4.825,6
OLGA,0.070,4.895,7
BILLIE,0.069,4.964,8
DIANNE,0.069,5.033,9
TRACEY,0.069,5.102,0
LEONA,0.069,5.171,1
JENNY,0.068,5.239,2
FELICIA,0.068,5.307,3
SONIA,0.068,5.374,4
MIRIAM,0.066,5.440,5
VELMA,0.066,5.506,6
BECKY,0.066,5.572,7
BOBBIE,0.065,5.637,8
VIOLET,0.065,5.702,9
KRISTINA,0.065,5.767,0
TONI,0.064,5.831,1
MISTY,0.063,5.894,2
MAE,0.063,5.957,3
SHELLY,0.062,6.019,4
DAISY,0.062,6.081,5
RAMONA,0.062,6.143,6
SHERRI,0.062,6.205,7
ERIKA,0.061,6.267,8
KATRINA,0.061,6.328,9
CLAIRE,0.061,6.388,0
LINDSEY,0.060,6.448,1
LINDSAY,0.060,6.507,2
GENEVA,0.059,6.567,3
GUADALUPE,0.059,6.626,4
BELINDA,0.059,6.685,5
MARGARITA,0.059,6.743,6
SHERYL,0.059,6.802,7
CORA,0.058,6.860,8
FAYE,0.058,6.917,9
ADA,0.057,6.975,0
NATASHA,0.057,7.032,1
SABRINA,0.057,7.089,2
ISABEL,0.057,7.146,3
MARGUERITE,0.056,7.202,4
HATTIE,0.056,7.257,5
HARRIET,0.056,7.313,6
MOLLY,0.055,7.368,7
CECILIA,0.055,7.424,8
KRISTI,0.055,7.479,9
BRANDI,0.055,7.534,0
BLANCHE,0.055,7.589,1
SANDY,0.055,7.644,2
ROSIE,0.055,7.699,3
JOANNA,0.055,7.754,4
IRIS,0.055,7.808,5
EUNICE,0.054,7.863,6
ANGIE,0.054,7.917,7
INEZ,0.053,7.970,8
LYNDA,0.053,8.023,9
MADELINE,0.052,8.075,0
AMELIA,0.052,8.127,1
ALBERTA,0.052,8.179,2
GENEVIEVE,0.051,8.230,3
MONIQUE,0.051,8.282,4
JODI,0.051,8.333,5
JANIE,0.051,8.385,6
MAGGIE,0.051,8.436,7
KAYLA,0.051,8.487,8
SONYA,0.051,8.538,9
JAN,0.051,8.589,0
LEE,0.051,8.641,1
KRISTINE,0.051,8.691,2
CANDACE,0.051,8.742,3
FANNIE,0.050,8.792,4
MARYANN,0.050,8.843,5
OPAL,0.050,8.893,6
ALISON,0.050,8.943,7
YVETTE,0.050,8.993,8
MELODY,0.050,9.043,9
LUZ,0.049,9.092,0
SUSIE,0.049,9.142,1
OLIVIA,0.049,9.191,2
FLORA,0.049,9.240,3
SHELLEY,0.049,9.288,4
KRISTY,0.048,9.337,5
MAMIE,0.048,9.385,6
LULA,0.048,9.433,7
LOLA,0.048,9.482,8
VERNA,0.048,9.530,9
BEULAH,0.048,9.577,0
ANTOINETTE,0.048,9.625,1
CANDICE,0.046,9.671,2
JUANA,0.046,9.717,3
JEANNETTE,0.046,9.763,4
PAM,0.046,9.809,5
KELLI,0.046,9.854,6
HANNAH,0.045,9.899,7
WHITNEY,0.045,9.944,8
BRIDGET,0.045,9.989,9
KARLA,0.044,0.034,0
CELIA,0.044,0.078,1
LATOYA,0.043,0.121,2
PATTY,0.043,0.165,3
SHELIA,0.043,0.208,4
GAYLE,0.043,0.251,5
DELLA,0.043,0.294,6
VICKY,0.043,0.336,7
LYNNE,0.043,0.379,8
SHERI,0.042,0.421,9
MARIANNE,0.042,0.463,0
KARA,0.041,0.504,1
JACQUELYN,0.041,0.544,2
ERMA,0.041,0.585,3
BLANCA,0.041,0.626,4
MYRA,0.040,0.666,5
LETICIA,0.040,0.706,6
PAT,0.040,0.746,7
KRISTA,0.040,0.786,8
ROXANNE,0.040,0.826,9
ANGELICA,0.039,0.865,0
JOHNNIE,0.039,0.905,1
ROBYN,0.039,0.944,2
FRANCIS,0.039,0.983,3
ADRIENNE,0.039,1.022,4
ROSALIE,0.039,1.061,5
ALEXANDRA,0.039,1.100,6
BROOKE,0.039,1.139,7
BETHANY,0.039,1.177,8
SADIE,0.039,1.216,9
BERNADETTE,0.039,1.254,0
TRACI,0.038,1.293,1
JODY,0.038,1.331,2
KENDRA,0.038,1.369,3
JASMINE,0.038,1.407,4
NICHOLE,0.038,1.445,5
RACHAEL,0.038,1.483,6
CHELSEA,0.038,1.520,7
MABLE,0.038,1.558,8
ERNESTINE,0.038,1.596,9
MURIEL,0.038,1.634,0
MARCELLA,0.037,1.671,1
ELENA,0.037,1.708,2
KRYSTAL,0.037,1.745,3
ANGELINA,0.037,1.781,4
NADINE,0.036,1.818,5
KARI,0.036,1.853,6
ESTELLE,0.036,1.889,7
DIANNA,0.036,1.925,8
PAULETTE,0.036,1.961,9
LORA,0.036,1.996,0
MONA,0.035,2.032,1
DOREEN,0.035,2.067,2
ROSEMARIE,0.035,2.102,3
ANGEL,0.035,2.137,4
DESIREE,0.035,2.172,5
ANTONIA,0.035,2.207,6
HOPE,0.034,2.241,7
GINGER,0.034,2.274,8
JANIS,0.034,2.308,9
BETSY,0.034,2.342,0
CHRISTIE,0.034,2.375,1
FREDA,0.034,2.409,2
MERCEDES,0.033,2.442,3
MEREDITH,0.033,2.475,4
LYNETTE,0.033,2.508,5
TERI,0.033,2.541,6
CRISTINA,0.033,2.573,7
EULA,0.033,2.606,8
LEIGH,0.032,2.638,9
MEGHAN,0.032,2.670,0
SOPHIA,0.032,2.702,1
ELOISE,0.032,2.734,2
ROCHELLE,0.032,2.766,3
GRETCHEN,0.032,2.798,4
CECELIA,0.032,2.829,5
RAQUEL,0.031,2.860,6
HENRIETTA,0.031,2.891,7
ALYSSA,0.031,2.922,8
JANA,0.031,2.953,9
KELLEY,0.031,2.983,0
GWEN,0.031,3.014,1
KERRY,0.031,3.044,2
JENNA,0.030,3.075,3
TRICIA,0.030,3.105,4
LAVERNE,0.030,3.135,5
OLIVE,0.030,3.165,6
ALEXIS,0.030,3.195,7
TASHA,0.030,3.225,8
SILVIA,0.029,3.254,9
ELVIRA,0.029,3.284,0
CASEY,0.029,3.313,1
DELIA,0.029,3.342,2
SOPHIE,0.029,3.372,3
KATE,0.029,3.401,4
PATTI,0.029,3.430,5
LORENA,0.029,3.459,6
KELLIE,0.029,3.488,7
SONJA,0.029,3.517,8
LILA,0.029,3.546,9
LANA,0.029,3.575,0
DARLA,0.029,3.604,1
MAY,0.029,3.633,2
MINDY,0.029,3.661,3
ESSIE,0.029,3.690,4
MANDY,0.029,3.719,5
LORENE,0.028,3.747,6
ELSA,0.028,3.775,7
JOSEFINA,0.028,3.804,8
JEANNIE,0.028,3.832,9
MIRANDA,0.028,3.860,0
DIXIE,0.028,3.888,1
LUCIA,0.028,3.916,2
MARTA,0.028,3.944,3
FAITH,0.028,3.972,4
LELA,0.028,3.999,5
JOHANNA,0.028,4.027,6
SHARI,0.028,4.055,7
CAMILLE,0.028,4.082,8
TAMI,0.027,4.110,9
SHAWNA,0.027,4.137,0
ELISA,0.027,4.164,1
EBONY,0.027,4.192,2
MELBA,0.027,4.219,3
ORA,0.027,4.246,4
NETTIE,0.027,4.273,5
TABITHA,0.027,4.300,6
OLLIE,0.027,4.327,7
JAIME,0.027,4.354,8
WINIFRED,0.027,4.381,9
KRISTIE,0.027,4.408,0
MARINA,0.027,4.435,1
ALISHA,0.027,4.462,2
AIMEE,0.027,4.488,3
RENA,0.027,4.515,4
MYRNA,0.026,4.541,5
MARLA,0.026,4.567,6
TAMMIE,0.026,4.593,7
LATASHA,0.026,4.619,8
BONITA,0.026,4.645,9
PATRICE,0.026,4.671,0
RONDA,0.026,4.697,1
SHERRIE,0.026,4.722,2
ADDIE,0.026,4.748,3
FRANCINE,0.025,4.773,4
DELORIS,0.025,4.799,5
STACIE,0.025,4.824,6
ADRIANA,0.025,4.849,7
CHERI,0.025,4.874,8
SHELBY,0.025,4.899,9
ABIGAIL,0.025,4.924,0
CELESTE,0.025,4.949,1
JEWEL,0.025,4.974,2
CARA,0.025,4.999,3
ADELE,0.025,5.024,4
REBEKAH,0.025,5.048,5
LUCINDA,0.025,5.073,6
DORTHY,0.025,5.097,7
CHRIS,0.024,5.122,8
EFFIE,0.024,5.146,9
TRINA,0.024,5.171,0
REBA,0.024,5.195,1
SHAWN,0.024,5.219,2
SALLIE,0.024,5.244,3
AURORA,0.024,5.268,4
LENORA,0.024,5.292,5
ETTA,0.024,5.317,6
LOTTIE,0.024,5.341,7
KERRI,0.024,5.365,8
TRISHA,0.024,5.389,9
NIKKI,0.024,5.413,0
ESTELLA,0.024,5.438,1
FRANCISCA,0.024,5.461,2
JOSIE,0.024,5.485,3
TRACIE,0.024,5.509,4
MARISSA,0.024,5.533,5
KARIN,0.024,5.557,6
BRITTNEY,0.024,5.580,7
JANELLE,0.024,5.604,8
LOURDES,0.024,5.628,9
LAUREL,0.024,5.651,0
HELENE,0.024,5.675,1
FERN,0.024,5.698,2
ELVA,0.024,5.722,3
CORINNE,0.024,5.745,4
KELSEY,0.024,5.769,5
INA,0.023,5.792,6
BETTIE,0.023,5.816,7
ELISABETH,0.023,5.839,8
AIDA,0.023,5.862,9
CAITLIN,0.023,5.886,0
INGRID,0.023,5.909,1
IVA,0.023,5.932,2
EUGENIA,0.023,5.955,3
CHRISTA,0.023,5.978,4
GOLDIE,0.023,6.000,5
CASSIE,0.023,6.023,6
MAUDE,0.023,6.046,7
JENIFER,0.023,6.068,8
THERESE,0.022,6.091,9
FRANKIE,0.022,6.113,0
DENA,0.022,6.136,1
LORNA,0.022,6.158,2
JANETTE,0.022,6.180,3
LATONYA,0.022,6.202,4
CANDY,0.022,6.224,5
MORGAN,0.022,6.247,6
CONSUELO,0.022,6.269,7
TAMIKA,0.022,6.291,8
ROSETTA,0.022,6.313,9
DEBORA,0.022,6.334,0
CHERIE,0.022,6.356,1
POLLY,0.022,6.378,2
DINA,0.022,6.400,3
JEWELL,0.021,6.421,4
FAY,0.021,6.442,5
JILLIAN,0.021,6.464,6
DOROTHEA,0.021,6.485,7
NELL,0.021,6.506,8
TRUDY,0.021,6.527,9
ESPERANZA,0.021,6.548,0
PATRICA,0.021,6.570,1
KIMBERLEY,0.021,6.591,2
SHANNA,0.021,6.611,3
HELENA,0.021,6.632,4
CAROLINA,0.021,6.653,5
CLEO,0.021,6.674,6
STEFANIE,0.021,6.694,7
ROSARIO,0.020,6.715,8
OLA,0.020,6.735,9
JANINE,0.020,6.756,0
MOLLIE,0.020,6.776,1
LUPE,0.020,6.796,2
ALISA,0.020,6.816,3
LOU,0.020,6.836,4
MARIBEL,0.020,6.856,5
SUSANNE,0.020,6.875,6
BETTE,0.019,6.895,7
SUSANA,0.019,6.914,8
ELISE,0.019,6.933,9
CECILE,0.019,6.953,0
ISABELLE,0.019,6.972,1
LESLEY,0.019,6.991,2
JOCELYN,0.019,7.010,3
PAIGE,0.019,7.030,4
JONI,0.019,7.049,5
RACHELLE,0.019,7.068,6
LEOLA,0.019,7.087,7
DAPHNE,0.019,7.106,8
ALTA,0.019,7.125,9
ESTER,0.019,7.144,0
PETRA,0.019,7.162,1
GRACIELA,0.019,7.181,2
IMOGENE,0.019,7.200,3
JOLENE,0.019,7.219,4
KEISHA,0.019,7.237,5
LACEY,0.018,7.256,6
GLENNA,0.018,7.274,7
GABRIELA,0.018,7.293,8
KERI,0.018,7.311,9
URSULA,0.018,7.329,0
LIZZIE,0.018,7.347,1
KIRSTEN,0.018,7.366,2
SHANA,0.018,7.384,3
ADELINE,0.018,7.402,4
MAYRA,0.018,7.420,5
JAYNE,0.018,7.438,6
JACLYN,0.018,7.456,7
GRACIE,0.018,7.474,8
SONDRA,0.018,7.492,9
CARMELA,0.018,7.509,0
MARISA,0.018,7.527,1
ROSALIND,0.018,7.545,2
CHARITY,0.018,7.563,3
TONIA,0.018,7.580,4
BEATRIZ,0.018,7.598,5
MARISOL,0.018,7.616,6
CLARICE,0.018,7.633,7
JEANINE,0.017,7.651,8
SHEENA,0.017,7.668,9
ANGELINE,0.017,7.685,0
FRIEDA,0.017,7.703,1
LILY,0.017,7.720,2
ROBBIE,0.017,7.737,3
SHAUNA,0.017,7.754,4
MILLIE,0.017,7.771,5
CLAUDETTE,0.017,7.788,6
CATHLEEN,0.017,7.805,7
ANGELIA,0.017,7.822,8
GABRIELLE,0.017,7.839,9
AUTUMN,0.017,7.856,0
KATHARINE,0.017,7.873,1
SUMMER,0.017,7.890,2
JODIE,0.017,7.907,3
STACI,0.017,7.923,4
LEA,0.017,7.940,5
CHRISTI,0.017,7.957,6
JIMMIE,0.017,7.974,7
JUSTINE,0.017,7.990,8
ELMA,0.017,8.007,9
LUELLA,0.017,8.023,0
MARGRET,0.017,8.040,1
DOMINIQUE,0.016,8.056,2
SOCORRO,0.016,8.073,3
RENE,0.016,8.089,4
MARTINA,0.016,8.105,5
MARGO,0.016,8.122,6
MAVIS,0.016,8.138,7
CALLIE,0.016,8.154,8
BOBBI,0.016,8.170,9
MARITZA,0.016,8.186,0
LUCILE,0.016,8.202,1
LEANNE,0.016,8.219,2
JEANNINE,0.016,8.235,3
DEANA,0.016,8.251,4
AILEEN,0.016,8.267,5
LORIE,0.016,8.282,6
LADONNA,0.016,8.298,7
WILLA,0.016,8.314,8
MANUELA,0.016,8.330,9
GALE,0.016,8.346,0
SELMA,0.016,8.361,1
DOLLY,0.016,8.377,2
SYBIL,0.016,8.393,3
ABBY,0.016,8.408,4
LARA,0.016,8.424,5
DALE,0.016,8.440,6
IVY,0.016,8.455,7
DEE,0.016,8.471,8
WINNIE,0.016,8.486,9
MARCY,0.016,8.502,0
LUISA,0.016,8.517,1
JERI,0.015,8.533,2
MAGDALENA,0.015,8.548,3
OFELIA,0.015,8.563,4
MEAGAN,0.015,8.579,5
AUDRA,0.015,8.594,6
MATILDA,0.015,8.609,7
LEILA,0.015,8.624,8
CORNELIA,0.015,8.639,9
BIANCA,0.015,8.654,0
SIMONE,0.015,8.669,1
BETTYE,0.015,8.684,2
RANDI,0.015,8.699,3
VIRGIE,0.015,8.713,4
LATISHA,0.015,8.728,5
BARBRA,0.015,8.743,6
GEORGINA,0.015,8.758,7
ELIZA,0.015,8.772,8
LEANN,0.015,8.787,9
BRIDGETTE,0.015,8.801,0
RHODA,0.014,8.816,1
HALEY,0.014,8.830,2
ADELA,0.014,8.845,3
NOLA,0.014,8.859,4
BERNADINE,0.014,8.873,5
FLOSSIE,0.014,8.887,6
ILA,0.014,8.902,7
GRETA,0.014,8.916,8
RUTHIE,0.014,8.930,9
NELDA,0.014,8.944,0
MINERVA,0.014,8.958,1
LILLY,0.014,8.973,2
TERRIE,0.014,8.987,3
LETHA,0.014,9.001,4
HILARY,0.014,9.015,5
ESTELA,0.014,9.029,6
VALARIE,0.014,9.043,7
BRIANNA,0.014,9.057,8
ROSALYN,0.014,9.071,9
EARLINE,0.014,9.085,0
CATALINA,0.014,9.099,1
AVA,0.014,9.113,2
MIA,0.014,9.127,3
CLARISSA,0.014,9.141,4
LIDIA,0.014,9.155,5
CORRINE,0.014,9.169,6
ALEXANDRIA,0.014,9.183,7
CONCEPCION,0.014,9.196,8
TIA,0.014,9.210,9
SHARRON,0.014,9.224,0
RAE,0.014,9.238,1
DONA,0.014,9.251,2
ERICKA,0.014,9.265,3
JAMI,0.014,9.278,4
ELNORA,0.014,9.292,5
CHANDRA,0.014,9.306,6
LENORE,0.014,9.319,7
NEVA,0.013,9.333,8
MARYLOU,0.013,9.346,9
MELISA,0.013,9.360,0
TABATHA,0.013,9.373,1
SERENA,0.013,9.386,2
AVIS,0.013,9.400,3
ALLIE,0.013,9.413,4
SOFIA,0.013,9.426,5
JEANIE,0.013,9.439,6
ODESSA,0.013,9.453,7
NANNIE,0.013,9.466,8
HARRIETT,0.013,9.479,9
LORAINE,0.013,9.492,0
PENELOPE,0.013,9.505,1
MILAGROS,0.013,9.518,2
EMILIA,0.013,9.531,3
BENITA,0.013,9.544,4
ALLYSON,0.013,9.557,5
ASHLEE,0.013,9.570,6
TANIA,0.013,9.583,7
TOMMIE,0.013,9.596,8
ESMERALDA,0.013,9.608,9
KARINA,0.013,9.621,0
EVE,0.013,9.634,1
PEARLIE,0.013,9.647,2
ZELMA,0.013,9.659,3
MALINDA,0.013,9.672,4
NOREEN,0.013,9.684,5
TAMEKA,0.013,9.697,6
SAUNDRA,0.013,9.710,7
HILLARY,0.013,9.722,8
AMIE,0.013,9.735,9
ALTHEA,0.012,9.747,0
ROSALINDA,0.012,9.760,1
JORDAN,0.012,9.772,2
LILIA,0.012,9.784,3
ALANA,0.012,9.797,4
GAY,0.012,9.809,5
CLARE,0.012,9.821,6
ALEJANDRA,0.012,9.834,7
ELINOR,0.012,9.846,8
MICHAEL,0.012,9.858,9
LORRIE,0.012,9.870,0
JERRI,0.012,9.882,1
DARCY,0.012,9.895,2
EARNESTINE,0.012,9.907,3
CARMELLA,0.012,9.919,4
TAYLOR,0.012,9.931,5
NOEMI,0.012,9.943,6
MARCIE,0.012,9.954,7
LIZA,0.012,9.966,8
ANNABELLE,0.012,9.978,9
LOUISA,0.012,9.990,0
EARLENE,0.012,0.002,1
MALLORY,0.012,0.014,2
CARLENE,0.012,0.025,3
NITA,0.012,0.037,4
SELENA,0.012,0.049,5
TANISHA,0.012,0.060,6
KATY,0.012,0.072,7
JULIANNE,0.012,0.083,8
JOHN,0.012,0.095,9
LAKISHA,0.011,0.106,0
EDWINA,0.011,0.118,1
MARICELA,0.011,0.129,2
MARGERY,0.011,0.141,3
KENYA,0.011,0.152,4
DOLLIE,0.011,0.164,5
ROXIE,0.011,0.175,6
ROSLYN,0.011,0.187,7
KATHRINE,0.011,0.198,8
NANETTE,0.011,0.209,9
CHARMAINE,0.011,0.221,0
LAVONNE,0.011,0.232,1
ILENE,0.011,0.243,2
KRIS,0.011,0.255,3
TAMMI,0.011,0.266,4
SUZETTE,0.011,0.277,5
CORINE,0.011,0.288,6
KAYE,0.011,0.300,7
JERRY,0.011,0.311,8
MERLE,0.011,0.322,9
CHRYSTAL,0.011,0.333,0
LINA,0.011,0.344,1
DEANNE,0.011,0.355,2
LILIAN,0.011,0.366,3
JULIANA,0.011,0.377,4
ALINE,0.011,0.388,5
LUANN,0.011,0.399,6
KASEY,0.011,0.410,7
MARYANNE,0.011,0.421,8
EVANGELINE,0.011,0.432,9
COLETTE,0.011,0.443,0
MELVA,0.011,0.453,1
LAWANDA,0.011,0.464,2
YESENIA,0.011,0.475,3
NADIA,0.011,0.486,4
MADGE,0.011,0.497,5
KATHIE,0.011,0.507,6
EDDIE,0.011,0.518,7
OPHELIA,0.011,0.529,8
VALERIA,0.011,0.539,9
NONA,0.011,0.550,0
MITZI,0.011,0.561,1
MARI,0.011,0.571,2
GEORGETTE,0.011,0.582,3
CLAUDINE,0.011,0.592,4
FRAN,0.011,0.603,5
ALISSA,0.011,0.613,6
ROSEANN,0.010,0.624,7
LAKEISHA,0.010,0.634,8
SUSANNA,0.010,0.645,9
REVA,0.010,0.655,0
DEIDRE,0.010,0.665,1
CHASITY,0.010,0.676,2
SHEREE,0.010,0.686,3
CARLY,0.010,0.697,4
JAMES,0.010,0.707,5
ELVIA,0.010,0.717,6
ALYCE,0.010,0.728,7
DEIRDRE,0.010,0.738,8
GENA,0.010,0.748,9
BRIANA,0.010,0.758,0
ARACELI,0.010,0.769,1
KATELYN,0.010,0.779,2
ROSANNE,0.010,0.789,3
WENDI,0.010,0.799,4
TESSA,0.010,0.810,5
BERTA,0.010,0.820,6
MARVA,0.010,0.830,7
IMELDA,0.010,0.840,8
MARIETTA,0.010,0.850,9
MARCI,0.010,0.860,0
LEONOR,0.010,0.870,1
ARLINE,0.010,0.880,2
SASHA,0.010,0.890,3
MADELYN,0.010,0.900,4
JANNA,0.010,0.910,5
JULIETTE,0.010,0.920,6
DEENA,0.010,0.929,7
AURELIA,0.010,0.939,8
JOSEFA,0.010,0.949,9
AUGUSTA,0.010,0.959,0
LILIANA,0.010,0.968,1
YOUNG,0.010,0.978,2
CHRISTIAN,0.010,0.988,3
LESSIE,0.010,0.997,4
AMALIA,0.010,1.007,5
SAVANNAH,0.010,1.017,6
ANASTASIA,0.010,1.026,7
VILMA,0.010,1.036,8
NATALIA,0.010,1.045,9
ROSELLA,0.010,1.055,0
LYNNETTE,0.010,1.064,1
CORINA,0.010,1.074,2
ALFREDA,0.009,1.083,3
LEANNA,0.009,1.093,4
CAREY,0.009,1.102,5
AMPARO,0.009,1.112,6
COLEEN,0.009,1.121,7
TAMRA,0.009,1.131,8
AISHA,0.009,1.140,9
WILDA,0.009,1.149,0
KARYN,0.009,1.159,1
CHERRY,0.009,1.168,2
QUEEN,0.009,1.177,3
MAURA,0.009,1.187,4
MAI,0.009,1.196,5
EVANGELINA,0.009,1.205,6
ROSANNA,0.009,1.214,7
HALLIE,0.009,1.224,8
ERNA,0.009,1.233,9
ENID,0.009,1.242,0
MARIANA,0.009,1.251,1
LACY,0.009,1.260,2
JULIET,0.009,1.270,3
JACKLYN,0.009,1.279,4
FREIDA,0.009,1.288,5
MADELEINE,0.009,1.297,6
MARA,0.009,1.306,7
HESTER,0.009,1.315,8
CATHRYN,0.009,1.324,9
LELIA,0.009,1.333,0
CASANDRA,0.009,1.343,1
BRIDGETT,0.009,1.352,2
ANGELITA,0.009,1.361,3
JANNIE,0.009,1.370,4
DIONNE,0.009,1.379,5
ANNMARIE,0.009,1.388,6
KATINA,0.009,1.397,7
BERYL,0.009,1.405,8
PHOEBE,0.009,1.414,9
MILLICENT,0.009,1.423,0
KATHERYN,0.009,1.432,1
DIANN,0.009,1.441,2
CARISSA,0.009,1.450,3
MARYELLEN,0.009,1.459,4
LIZ,0.009,1.468,5
LAURI,0.009,1.476,6
HELGA,0.009,1.485,7
GILDA,0.009,1.494,8
ADRIAN,0.009,1.503,9
RHEA,0.009,1.511,0
MARQUITA,0.009,1.520,1
HOLLIE,0.009,1.529,2
TISHA,0.009,1.538,3
TAMERA,0.009,1.546,4
ANGELIQUE,0.009,1.555,5
FRANCESCA,0.009,1.564,6
BRITNEY,0.009,1.573,7
KAITLIN,0.009,1.581,8
LOLITA,0.009,1.590,9
FLORINE,0.009,1.599,0
ROWENA,0.009,1.607,1
REYNA,0.009,1.616,2
TWILA,0.009,1.624,3
FANNY,0.009,1.633,4
JANELL,0.009,1.641,5
INES,0.009,1.650,6
CONCETTA,0.009,1.658,7
BERTIE,0.009,1.667,8
ALBA,0.009,1.676,9
BRIGITTE,0.009,1.684,0
ALYSON,0.009,1.693,1
VONDA,0.008,1.701,2
PANSY,0.008,1.710,3
ELBA,0.008,1.718,4
NOELLE,0.008,1.726,5
LETITIA,0.008,1.735,6
KITTY,0.008,1.743,7
DEANN,0.008,1.752,8
BRANDIE,0.008,1.760,9
LOUELLA,0.008,1.769,0
LETA,0.008,1.777,1
FELECIA,0.008,1.786,2
SHARLENE,0.008,1.794,3
LESA,0.008,1.802,4
BEVERLEY,0.008,1.811,5
ROBERT,0.008,1.819,6
ISABELLA,0.008,1.827,7
HERMINIA,0.008,1.836,8
TERRA,0.008,1.844,9
CELINA,0.008,1.852,0
TORI,0.008,1.861,1
OCTAVIA,0.008,1.869,2
JADE,0.008,1.877,3
DENICE,0.008,1.885,4
GERMAINE,0.008,1.894,5
SIERRA,0.008,1.902,6
MICHELL,0.008,1.910,7
CORTNEY,0.008,1.918,8
NELLY,0.008,1.926,9
DORETHA,0.008,1.934,0
SYDNEY,0.008,1.943,1
DEIDRA,0.008,1.951,2
MONIKA,0.008,1.959,3
LASHONDA,0.008,1.967,4
JUDI,0.008,1.975,5
CHELSEY,0.008,1.983,6
ANTIONETTE,0.008,1.991,7
MARGOT,0.008,1.999,8
BOBBY,0.008,2.007,9
ADELAIDE,0.008,2.015,0
NAN,0.008,2.023,1
LEEANN,0.008,2.030,2
ELISHA,0.008,2.038,3
DESSIE,0.008,2.046,4
LIBBY,0.008,2.054,5
KATHI,0.008,2.062,6
GAYLA,0.008,2.070,7
LATANYA,0.008,2.078,8
MINA,0.008,2.086,9
MELLISA,0.008,2.093,0
KIMBERLEE,0.008,2.101,1
JASMIN,0.008,2.109,2
RENAE,0.008,2.117,3
ZELDA,0.008,2.125,4
ELDA,0.008,2.132,5
MA,0.008,2.140,6
JUSTINA,0.008,2.148,7
GUSSIE,0.008,2.156,8
EMILIE,0.008,2.163,9
CAMILLA,0.008,2.171,0
ABBIE,0.008,2.179,1
ROCIO,0.008,2.186,2
KAITLYN,0.008,2.194,3
JESSE,0.008,2.202,4
EDYTHE,0.008,2.209,5
ASHLEIGH,0.008,2.217,6
SELINA,0.008,2.225,7
LAKESHA,0.008,2.232,8
GERI,0.008,2.240,9
ALLENE,0.008,2.248,0
PAMALA,0.008,2.255,1
MICHAELA,0.008,2.263,2
DAYNA,0.008,2.270,3
CARYN,0.008,2.278,4
ROSALIA,0.008,2.286,5
SUN,0.007,2.293,6
JACQULINE,0.007,2.301,7
REBECA,0.007,2.308,8
MARYBETH,0.007,2.315,9
KRYSTLE,0.007,2.323,0
IOLA,0.007,2.330,1
DOTTIE,0.007,2.338,2
BENNIE,0.007,2.345,3
BELLE,0.007,2.353,4
AUBREY,0.007,2.360,5
GRISELDA,0.007,2.367,6
ERNESTINA,0.007,2.375,7
ELIDA,0.007,2.382,8
ADRIANNE,0.007,2.390,9
DEMETRIA,0.007,2.397,0
DELMA,0.007,2.404,1
CHONG,0.007,2.412,2
JAQUELINE,0.007,2.419,3
DESTINY,0.007,2.427,4
ARLEEN,0.007,2.434,5
VIRGINA,0.007,2.441,6
RETHA,0.007,2.448,7
FATIMA,0.007,2.456,8
TILLIE,0.007,2.463,9
ELEANORE,0.007,2.470,0
CARI,0.007,2.478,1
TREVA,0.007,2.485,2
BIRDIE,0.007,2.492,3
WILHELMINA,0.007,2.499,4
ROSALEE,0.007,2.506,5
MAURINE,0.007,2.514,6
LATRICE,0.007,2.521,7
YONG,0.007,2.528,8
JENA,0.007,2.535,9
TARYN,0.007,2.542,0
ELIA,0.007,2.549,1
DEBBY,0.007,2.556,2
MAUDIE,0.007,2.564,3
JEANNA,0.007,2.571,4
DELILAH,0.007,2.578,5
CATRINA,0.007,2.585,6
SHONDA,0.007,2.592,7
HORTENCIA,0.007,2.599,8
THEODORA,0.007,2.606,9
TERESITA,0.007,2.613,0
ROBBIN,0.007,2.620,1
DANETTE,0.007,2.627,2
MARYJANE,0.007,2.634,3
FREDDIE,0.007,2.641,4
DELPHINE,0.007,2.648,5
BRIANNE,0.007,2.655,6
NILDA,0.007,2.662,7
DANNA,0.007,2.669,8
CINDI,0.007,2.676,9
BESS,0.007,2.683,0
IONA,0.007,2.690,1
HANNA,0.007,2.697,2
ARIEL,0.007,2.704,3
WINONA,0.007,2.711,4
VIDA,0.007,2.718,5
ROSITA,0.007,2.725,6
MARIANNA,0.007,2.731,7
WILLIAM,0.007,2.738,8
RACHEAL,0.007,2.745,9
GUILLERMINA,0.007,2.752,0
ELOISA,0.007,2.759,1
CELESTINE,0.007,2.766,2
CAREN,0.007,2.773,3
MALISSA,0.007,2.780,4
LONA,0.007,2.786,5
CHANTEL,0.007,2.793,6
SHELLIE,0.007,2.800,7
MARISELA,0.007,2.807,8
LEORA,0.007,2.814,9
AGATHA,0.007,2.820,0
SOLEDAD,0.007,2.827,1
MIGDALIA,0.007,2.834,2
IVETTE,0.007,2.840,3
CHRISTEN,0.007,2.847,4
ATHENA,0.007,2.854,5
JANEL,0.007,2.861,6
CHLOE,0.007,2.867,7
VEDA,0.007,2.874,8
PATTIE,0.007,2.881,9
TESSIE,0.007,2.887,0
TERA,0.007,2.894,1
MARILYNN,0.007,2.901,2
LUCRETIA,0.007,2.907,3
KARRIE,0.007,2.914,4
DINAH,0.007,2.920,5
DANIELA,0.007,2.927,6
ALECIA,0.007,2.934,7
ADELINA,0.007,2.940,8
VERNICE,0.007,2.947,9
SHIELA,0.007,2.953,0
PORTIA,0.007,2.960,1
MERRY,0.007,2.967,2
LASHAWN,0.007,2.973,3
DEVON,0.007,2.980,4
DARA,0.007,2.986,5
TAWANA,0.007,2.993,6
OMA,0.007,2.999,7
VERDA,0.007,3.006,8
CHRISTIN,0.007,3.012,9
ALENE,0.007,3.019,0
ZELLA,0.006,3.025,1
SANDI,0.006,3.032,2
RAFAELA,0.006,3.038,3
MAYA,0.006,3.045,4
KIRA,0.006,3.051,5
CANDIDA,0.006,3.058,6
ALVINA,0.006,3.064,7
SUZAN,0.006,3.071,8
SHAYLA,0.006,3.077,9
LYN,0.006,3.083,0
LETTIE,0.006,3.090,1
ALVA,0.006,3.096,2
SAMATHA,0.006,3.103,3
ORALIA,0.006,3.109,4
MATILDE,0.006,3.115,5
MADONNA,0.006,3.122,6
LARISSA,0.006,3.128,7
VESTA,0.006,3.134,8
RENITA,0.006,3.141,9
INDIA,0.006,3.147,0
DELOIS,0.006,3.153,1
SHANDA,0.006,3.159,2
PHILLIS,0.006,3.166,3
LORRI,0.006,3.172,4
ERLINDA,0.006,3.178,5
CRUZ,0.006,3.185,6
CATHRINE,0.006,3.191,7
BARB,0.006,3.197,8
ZOE,0.006,3.203,9
ISABELL,0.006,3.210,0
IONE,0.006,3.216,1
GISELA,0.006,3.222,2
CHARLIE,0.006,3.228,3
VALENCIA,0.006,3.235,4
ROXANNA,0.006,3.241,5
MAYME,0.006,3.247,6
KISHA,0.006,3.253,7
ELLIE,0.006,3.259,8
MELLISSA,0.006,3.266,9
DORRIS,0.006,3.272,0
DALIA,0.006,3.278,1
BELLA,0.006,3.284,2
ANNETTA,0.006,3.290,3
ZOILA,0.006,3.296,4
RETA,0.006,3.302,5
REINA,0.006,3.308,6
LAURETTA,0.006,3.315,7
KYLIE,0.006,3.321,8
CHRISTAL,0.006,3.327,9
PILAR,0.006,3.333,0
CHARLA,0.006,3.339,1
ELISSA,0.006,3.345,2
TIFFANI,0.006,3.351,3
TANA,0.006,3.357,4
PAULINA,0.006,3.363,5
LEOTA,0.006,3.369,6
BREANNA,0.006,3.375,7
JAYME,0.006,3.381,8
CARMEL,0.006,3.387,9
VERNELL,0.006,3.393,0
TOMASA,0.006,3.399,1
MANDI,0.006,3.405,2
DOMINGA,0.006,3.411,3
SANTA,0.006,3.417,4
MELODIE,0.006,3.423,5
LURA,0.006,3.429,6
ALEXA,0.006,3.435,7
TAMELA,0.006,3.441,8
RYAN,0.006,3.447,9
MIRNA,0.006,3.453,0
KERRIE,0.006,3.458,1
VENUS,0.006,3.464,2
NOEL,0.006,3.470,3
FELICITA,0.006,3.476,4
CRISTY,0.006,3.482,5
CARMELITA,0.006,3.488,6
BERNIECE,0.006,3.494,7
ANNEMARIE,0.006,3.500,8
TIARA,0.006,3.505,9
ROSEANNE,0.006,3.511,0
MISSY,0.006,3.517,1
CORI,0.006,3.523,2
ROXANA,0.006,3.529,3
PRICILLA,0.006,3.535,4
KRISTAL,0.006,3.540,5
JUNG,0.006,3.546,6
ELYSE,0.006,3.552,7
HAYDEE,0.006,3.558,8
ALETHA,0.006,3.564,9
BETTINA,0.006,3.569,0
MARGE,0.006,3.575,1
GILLIAN,0.006,3.581,2
FILOMENA,0.006,3.586,3
CHARLES,0.006,3.592,4
ZENAIDA,0.006,3.598,5
HARRIETTE,0.006,3.603,6
CARIDAD,0.006,3.609,7
VADA,0.006,3.615,8
UNA,0.006,3.620,9
ARETHA,0.006,3.626,0
PEARLINE,0.006,3.632,1
MARJORY,0.006,3.637,2
MARCELA,0.006,3.643,3
FLOR,0.006,3.648,4
EVETTE,0.006,3.654,5
ELOUISE,0.006,3.659,6
ALINA,0.006,3.665,7
TRINIDAD,0.006,3.671,8
DAVID,0.006,3.676,9
DAMARIS,0.006,3.682,0
CATHARINE,0.006,3.687,1
CARROLL,0.006,3.693,2
BELVA,0.006,3.698,3
NAKIA,0.005,3.704,4
MARLENA,0.005,3.709,5
LUANNE,0.005,3.715,6
LORINE,0.005,3.720,7
KARON,0.005,3.726,8
DORENE,0.005,3.731,9
DANITA,0.005,3.737,0
BRENNA,0.005,3.742,1
TATIANA,0.005,3.748,2
SAMMIE,0.005,3.753,3
LOUANN,0.005,3.759,4
LOREN,0.005,3.764,5
JULIANNA,0.005,3.770,6
ANDRIA,0.005,3.775,7
PHILOMENA,0.005,3.780,8
LUCILA,0.005,3.786,9
LEONORA,0.005,3.791,0
DOVIE,0.005,3.797,1
ROMONA,0.005,3.802,2
MIMI,0.005,3.808,3
JACQUELIN,0.005,3.813,4
GAYE,0.005,3.818,5
TONJA,0.005,3.824,6
MISTI,0.005,3.829,7
JOE,0.005,3.835,8
GENE,0.005,3.840,9
CHASTITY,0.005,3.845,0
STACIA,0.005,3.851,1
ROXANN,0.005,3.856,2
MICAELA,0.005,3.861,3
NIKITA,0.005,3.867,4
MEI,0.005,3.872,5
VELDA,0.005,3.877,6
MARLYS,0.005,3.882,7
JOHNNA,0.005,3.888,8
AURA,0.005,3.893,9
LAVERN,0.005,3.898,0
IVONNE,0.005,3.903,1
HAYLEY,0.005,3.909,2
NICKI,0.005,3.914,3
MAJORIE,0.005,3.919,4
HERLINDA,0.005,3.924,5
GEORGE,0.005,3.930,6
ALPHA,0.005,3.935,7
YADIRA,0.005,3.940,8
PERLA,0.005,3.945,9
GREGORIA,0.005,3.950,0
DANIEL,0.005,3.955,1
ANTONETTE,0.005,3.961,2
SHELLI,0.005,3.966,3
MOZELLE,0.005,3.971,4
MARIAH,0.005,3.976,5
JOELLE,0.005,3.981,6
CORDELIA,0.005,3.986,7
JOSETTE,0.005,3.992,8
CHIQUITA,0.005,3.997,9
TRISTA,0.005,4.002,0
LOUIS,0.005,4.007,1
LAQUITA,0.005,4.012,2
GEORGIANA,0.005,4.017,3
CANDI,0.005,4.022,4
SHANON,0.005,4.027,5
LONNIE,0.005,4.032,6
HILDEGARD,0.005,4.037,7
CECIL,0.005,4.042,8
VALENTINA,0.005,4.047,9
STEPHANY,0.005,4.052,0
MAGDA,0.005,4.057,1
KAROL,0.005,4.062,2
GERRY,0.005,4.067,3
GABRIELLA,0.005,4.072,4
TIANA,0.005,4.077,5
ROMA,0.005,4.082,6
RICHELLE,0.005,4.087,7
RAY,0.005,4.092,8
PRINCESS,0.005,4.097,9
OLETA,0.005,4.102,0
JACQUE,0.005,4.107,1
IDELLA,0.005,4.112,2
ALAINA,0.005,4.117,3
SUZANNA,0.005,4.122,4
JOVITA,0.005,4.127,5
BLAIR,0.005,4.132,6
TOSHA,0.005,4.137,7
RAVEN,0.005,4.142,8
NEREIDA,0.005,4.147,9
MARLYN,0.005,4.152,0
KYLA,0.005,4.157,1
JOSEPH,0.005,4.162,2
DELFINA,0.005,4.167,3
TENA,0.005,4.172,4
STEPHENIE,0.005,4.177,5
SABINA,0.005,4.182,6
NATHALIE,0.005,4.186,7
MARCELLE,0.005,4.191,8
GERTIE,0.005,4.196,9
DARLEEN,0.005,4.201,0
THEA,0.005,4.206,1
SHARONDA,0.005,4.211,2
SHANTEL,0.005,4.216,3
BELEN,0.005,4.221,4
VENESSA,0.005,4.225,5
ROSALINA,0.005,4.230,6
ONA,0.005,4.235,7
GENOVEVA,0.005,4.240,8
COREY,0.005,4.245,9
CLEMENTINE,0.005,4.250,0
ROSALBA,0.005,4.254,1
RENATE,0.005,4.259,2
RENATA,0.005,4.264,3
MI,0.005,4.269,4
IVORY,0.005,4.274,5
GEORGIANNA,0.005,4.278,6
FLOY,0.005,4.283,7
DORCAS,0.005,4.288,8
ARIANA,0.005,4.293,9
TYRA,0.005,4.298,0
THEDA,0.005,4.302,1
MARIAM,0.005,4.307,2
JULI,0.005,4.312,3
JESICA,0.005,4.317,4
DONNIE,0.005,4.321,5
VIKKI,0.005,4.326,6
VERLA,0.005,4.331,7
ROSELYN,0.005,4.336,8
MELVINA,0.005,4.340,9
JANNETTE,0.005,4.345,0
GINNY,0.005,4.350,1
DEBRAH,0.005,4.355,2
CORRIE,0.005,4.359,3
ASIA,0.005,4.364,4
VIOLETA,0.005,4.369,5
MYRTIS,0.005,4.374,6
LATRICIA,0.005,4.378,7
COLLETTE,0.005,4.383,8
CHARLEEN,0.005,4.388,9
ANISSA,0.005,4.392,0
VIVIANA,0.005,4.397,1
TWYLA,0.005,4.402,2
PRECIOUS,0.005,4.406,3
NEDRA,0.005,4.411,4
LATONIA,0.005,4.416,5
LAN,0.005,4.420,6
HELLEN,0.005,4.425,7
FABIOLA,0.005,4.430,8
ANNAMARIE,0.005,4.435,9
ADELL,0.005,4.439,0
SHARYN,0.005,4.444,1
CHANTAL,0.005,4.448,2
NIKI,0.005,4.453,3
MAUD,0.005,4.458,4
LIZETTE,0.005,4.462,5
LINDY,0.005,4.467,6
KIA,0.005,4.472,7
KESHA,0.005,4.476,8
JEANA,0.005,4.481,9
DANELLE,0.005,4.485,0
CHARLINE,0.005,4.490,1
CHANEL,0.005,4.495,2
CARROL,0.005,4.499,3
VALORIE,0.005,4.504,4
LIA,0.005,4.508,5
DORTHA,0.005,4.513,6
CRISTAL,0.005,4.518,7
SUNNY,0.005,4.522,8
LEONE,0.005,4.527,9
LEILANI,0.005,4.531,0
GERRI,0.005,4.536,1
DEBI,0.005,4.540,2
ANDRA,0.005,4.545,3
KESHIA,0.005,4.549,4
IMA,0.005,4.554,5
EULALIA,0.005,4.558,6
EASTER,0.005,4.563,7
DULCE,0.005,4.568,8
NATIVIDAD,0.004,4.572,9
LINNIE,0.004,4.577,0
KAMI,0.004,4.581,1
GEORGIE,0.004,4.586,2
CATINA,0.004,4.590,3
BROOK,0.004,4.594,4
ALDA,0.004,4.599,5
WINNIFRED,0.004,4.603,6
SHARLA,0.004,4.608,7
RUTHANN,0.004,4.612,8
MEAGHAN,0.004,4.617,9
MAGDALENE,0.004,4.621,0
LISSETTE,0.004,4.626,1
ADELAIDA,0.004,4.630,2
VENITA,0.004,4.635,3
TRENA,0.004,4.639,4
SHIRLENE,0.004,4.643,5
SHAMEKA,0.004,4.648,6
ELIZEBETH,0.004,4.652,7
DIAN,0.004,4.657,8
SHANTA,0.004,4.661,9
MICKEY,0.004,4.666,0
LATOSHA,0.004,4.670,1
CARLOTTA,0.004,4.674,2
WINDY,0.004,4.679,3
SOON,0.004,4.683,4
ROSINA,0.004,4.687,5
MARIANN,0.004,4.692,6
LEISA,0.004,4.696,7
JONNIE,0.004,4.701,8
DAWNA,0.004,4.705,9
CATHIE,0.004,4.709,0
BILLY,0.004,4.714,1
ASTRID,0.004,4.718,2
SIDNEY,0.004,4.722,3
LAUREEN,0.004,4.726,4
JANEEN,0.004,4.731,5
HOLLI,0.004,4.735,6
FAWN,0.004,4.739,7
VICKEY,0.004,4.744,8
TERESSA,0.004,4.748,9
SHANTE,0.004,4.752,0
RUBYE,0.004,4.756,1
MARCELINA,0.004,4.761,2
CHANDA,0.004,4.765,3
CARY,0.004,4.769,4
TERESE,0.004,4.774,5
SCARLETT,0.004,4.778,6
MARTY,0.004,4.782,7
MARNIE,0.004,4.786,8
LULU,0.004,4.790,9
LISETTE,0.004,4.795,0
JENIFFER,0.004,4.799,1
ELENOR,0.004,4.803,2
DORINDA,0.004,4.807,3
DONITA,0.004,4.812,4
CARMAN,0.004,4.816,5
BERNITA,0.004,4.820,6
ALTAGRACIA,0.004,4.824,7
ALETA,0.004,4.829,8
ADRIANNA,0.004,4.833,9
ZORAIDA,0.004,4.837,0
RONNIE,0.004,4.841,1
NICOLA,0.004,4.845,2
LYNDSEY,0.004,4.850,3
KENDALL,0.004,4.854,4
JANINA,0.004,4.858,5
CHRISSY,0.004,4.862,6
AMI,0.004,4.867,7
STARLA,0.004,4.871,8
PHYLIS,0.004,4.875,9
PHUONG,0.004,4.879,0
KYRA,0.004,4.883,1
CHARISSE,0.004,4.887,2
BLANCH,0.004,4.892,3
SANJUANITA,0.004,4.896,4
RONA,0.004,4.900,5
NANCI,0.004,4.904,6
MARILEE,0.004,4.908,7
MARANDA,0.004,4.912,8
CORY,0.004,4.916,9
BRIGETTE,0.004,4.921,0
SANJUANA,0.004,4.925,1
MARITA,0.004,4.929,2
KASSANDRA,0.004,4.933,3
JOYCELYN,0.004,4.937,4
IRA,0.004,4.941,5
FELIPA,0.004,4.945,6
CHELSIE,0.004,4.949,7
BONNY,0.004,4.954,8
MIREYA,0.004,4.958,9
LORENZA,0.004,4.962,0
KYONG,0.004,4.966,1
ILEANA,0.004,4.970,2
CANDELARIA,0.004,4.974,3
TONY,0.004,4.978,4
TOBY,0.004,4.982,5
SHERIE,0.004,4.986,6
OK,0.004,4.990,7
MARK,0.004,4.994,8
LUCIE,0.004,4.998,9
LEATRICE,0.004,5.002,0
LAKESHIA,0.004,5.006,1
GERDA,0.004,5.010,2
EDIE,0.004,5.014,3
BAMBI,0.004,5.018,4
MARYLIN,0.004,5.023,5
LAVON,0.004,5.027,6
HORTENSE,0.004,5.031,7
GARNET,0.004,5.035,8
EVIE,0.004,5.039,9
TRESSA,0.004,5.043,0
SHAYNA,0.004,5.047,1
LAVINA,0.004,5.051,2
KYUNG,0.004,5.055,3
JEANETTA,0.004,5.059,4
SHERRILL,0.004,5.062,5
SHARA,0.004,5.066,6
PHYLISS,0.004,5.070,7
MITTIE,0.004,5.074,8
ANABEL,0.004,5.078,9
ALESIA,0.004,5.082,0
THUY,0.004,5.086,1
TAWANDA,0.004,5.090,2
RICHARD,0.004,5.094,3
JOANIE,0.004,5.098,4
TIFFANIE,0.004,5.102,5
LASHANDA,0.004,5.106,6
KARISSA,0.004,5.110,7
ENRIQUETA,0.004,5.114,8
DARIA,0.004,5.117,9
DANIELLA,0.004,5.121,0
CORINNA,0.004,5.125,1
ALANNA,0.004,5.129,2
ABBEY,0.004,5.133,3
ROXANE,0.004,5.137,4
ROSEANNA,0.004,5.141,5
MAGNOLIA,0.004,5.145,6
LIDA,0.004,5.148,7
KYLE,0.004,5.152,8
JOELLEN,0.004,5.156,9
ERA,0.004,5.160,0
CORAL,0.004,5.164,1
CARLEEN,0.004,5.168,2
TRESA,0.004,5.172,3
PEGGIE,0.004,5.175,4
NOVELLA,0.004,5.179,5
NILA,0.004,5.183,6
MAYBELLE,0.004,5.187,7
JENELLE,0.004,5.191,8
CARINA,0.004,5.195,9
NOVA,0.004,5.198,0
MELINA,0.004,5.202,1
MARQUERITE,0.004,5.206,2
MARGARETTE,0.004,5.210,3
JOSEPHINA,0.004,5.214,4
EVONNE,0.004,5.217,5
DEVIN,0.004,5.221,6
CINTHIA,0.004,5.225,7
ALBINA,0.004,5.229,8
TOYA,0.004,5.233,9
TAWNYA,0.004,5.236,0
SHERITA,0.004,5.240,1
SANTOS,0.004,5.244,2
MYRIAM,0.004,5.248,3
LIZABETH,0.004,5.251,4
LISE,0.004,5.255,5
KEELY,0.004,5.259,6
JENNI,0.004,5.263,7
GISELLE,0.004,5.266,8
CHERYLE,0.004,5.270,9
ARDITH,0.004,5.274,0
ARDIS,0.004,5.278,1
ALESHA,0.004,5.282,2
ADRIANE,0.004,5.285,3
SHAINA,0.004,5.289,4
LINNEA,0.004,5.293,5
KAROLYN,0.004,5.297,6
HONG,0.004,5.300,7
FLORIDA,0.004,5.304,8
FELISHA,0.004,5.308,9
DORI,0.004,5.311,0
DARCI,0.004,5.315,1
ARTIE,0.004,5.319,2
ARMIDA,0.004,5.323,3
ZOLA,0.004,5.326,4
XIOMARA,0.004,5.330,5
VERGIE,0.004,5.334,6
SHAMIKA,0.004,5.338,7
NENA,0.004,5.341,8
NANNETTE,0.004,5.345,9
MAXIE,0.004,5.349,0
LOVIE,0.004,5.352,1
JEANE,0.004,5.356,2
JAIMIE,0.004,5.360,3
INGE,0.004,5.363,4
FARRAH,0.004,5.367,5
ELAINA,0.004,5.371,6
CAITLYN,0.004,5.375,7
STARR,0.004,5.378,8
FELICITAS,0.004,5.382,9
CHERLY,0.004,5.386,0
CARYL,0.004,5.389,1
YOLONDA,0.004,5.393,2
YASMIN,0.004,5.397,3
TEENA,0.004,5.400,4
PRUDENCE,0.004,5.404,5
PENNIE,0.004,5.407,6
NYDIA,0.004,5.411,7
MACKENZIE,0.004,5.415,8
ORPHA,0.004,5.418,9
MARVEL,0.004,5.422,0
LIZBETH,0.004,5.426,1
LAURETTE,0.004,5.429,2
JERRIE,0.004,5.433,3
HERMELINDA,0.004,5.436,4
CAROLEE,0.004,5.440,5
TIERRA,0.004,5.444,6
MIRIAN,0.004,5.447,7
META,0.004,5.451,8
MELONY,0.004,5.454,9
KORI,0.004,5.458,0
JENNETTE,0.004,5.462,1
JAMILA,0.004,5.465,2
ENA,0.004,5.469,3
ANH,0.004,5.472,4
YOSHIKO,0.004,5.476,5
SUSANNAH,0.004,5.479,6
SALINA,0.004,5.483,7
RHIANNON,0.004,5.486,8
JOLEEN,0.004,5.490,9
CRISTINE,0.004,5.494,0
ASHTON,0.004,5.497,1
ARACELY,0.004,5.501,2
TOMEKA,0.004,5.504,3
SHALONDA,0.004,5.508,4
MARTI,0.004,5.511,5
LACIE,0.004,5.515,6
KALA,0.004,5.518,7
JADA,0.004,5.522,8
ILSE,0.004,5.525,9
HAILEY,0.004,5.529,0
BRITTANI,0.004,5.532,1
ZONA,0.003,5.536,2
SYBLE,0.003,5.539,3
SHERRYL,0.003,5.543,4
RANDY,0.003,5.546,5
NIDIA,0.003,5.550,6
MARLO,0.003,5.553,7
KANDICE,0.003,5.557,8
KANDI,0.003,5.560,9
DEB,0.003,5.564,0
DEAN,0.003,5.567,1
AMERICA,0.003,5.571,2
ALYCIA,0.003,5.574,3
TOMMY,0.003,5.578,4
RONNA,0.003,5.581,5
NORENE,0.003,5.585,6
MERCY,0.003,5.588,7
JOSE,0.003,5.591,8
INGEBORG,0.003,5.595,9
GIOVANNA,0.003,5.598,0
GEMMA,0.003,5.602,1
CHRISTEL,0.003,5.605,2
AUDRY,0.003,5.609,3
ZORA,0.003,5.612,4
VITA,0.003,5.616,5
VAN,0.003,5.619,6
TRISH,0.003,5.622,7
STEPHAINE,0.003,5.626,8
SHIRLEE,0.003,5.629,9
SHANIKA,0.003,5.633,0
MELONIE,0.003,5.636,1
MAZIE,0.003,5.639,2
JAZMIN,0.003,5.643,3
INGA,0.003,5.646,4
HOA,0.003,5.650,5
HETTIE,0.003,5.653,6
GERALYN,0.003,5.657,7
FONDA,0.003,5.660,8
ESTRELLA,0.003,5.663,9
ADELLA,0.003,5.667,0
SU,0.003,5.670,1
SARITA,0.003,5.674,2
RINA,0.003,5.677,3
MILISSA,0.003,5.680,4
MARIBETH,0.003,5.684,5
GOLDA,0.003,5.687,6
EVON,0.003,5.691,7
ETHELYN,0.003,5.694,8
ENEDINA,0.003,5.697,9
CHERISE,0.003,5.701,0
CHANA,0.003,5.704,1
VELVA,0.003,5.708,2
TAWANNA,0.003,5.711,3
SADE,0.003,5.714,4
MIRTA,0.003,5.718,5
LI,0.003,5.721,6
KARIE,0.003,5.724,7
JACINTA,0.003,5.728,8
ELNA,0.003,5.731,9
DAVINA,0.003,5.734,0
CIERRA,0.003,5.738,1
ASHLIE,0.003,5.741,2
ALBERTHA,0.003,5.744,3
TANESHA,0.003,5.748,4
STEPHANI,0.003,5.751,5
NELLE,0.003,5.754,6
MINDI,0.003,5.758,7
LU,0.003,5.761,8
LORINDA,0.003,5.764,9
LARUE,0.003,5.768,0
FLORENE,0.003,5.771,1
DEMETRA,0.003,5.774,2
DEDRA,0.003,5.778,3
CIARA,0.003,5.781,4
CHANTELLE,0.003,5.784,5
ASHLY,0.003,5.788,6
SUZY,0.003,5.791,7
ROSALVA,0.003,5.794,8
NOELIA,0.003,5.798,9
LYDA,0.003,5.801,0
LEATHA,0.003,5.804,1
KRYSTYNA,0.003,5.808,2
KRISTAN,0.003,5.811,3
KARRI,0.003,5.814,4
DARLINE,0.003,5.817,5
DARCIE,0.003,5.821,6
CINDA,0.003,5.824,7
CHEYENNE,0.003,5.827,8
CHERRIE,0.003,5.831,9
AWILDA,0.003,5.834,0
ALMEDA,0.003,5.837,1
ROLANDA,0.003,5.840,2
LANETTE,0.003,5.844,3
JERILYN,0.003,5.847,4
GISELE,0.003,5.850,5
EVALYN,0.003,5.854,6
CYNDI,0.003,5.857,7
CLETA,0.003,5.860,8
CARIN,0.003,5.863,9
ZINA,0.003,5.867,0
ZENA,0.003,5.870,1
VELIA,0.003,5.873,2
TANIKA,0.003,5.876,3
PAUL,0.003,5.880,4
CHARISSA,0.003,5.883,5
THOMAS,0.003,5.886,6
TALIA,0.003,5.889,7
MARGARETE,0.003,5.892,8
LAVONDA,0.003,5.896,9
KAYLEE,0.003,5.899,0
KATHLENE,0.003,5.902,1
JONNA,0.003,5.905,2
IRENA,0.003,5.908,3
ILONA,0.003,5.912,4
IDALIA,0.003,5.915,5
CANDIS,0.003,5.918,6
CANDANCE,0.003,5.921,7
BRANDEE,0.003,5.924,8
ANITRA,0.003,5.928,9
ALIDA,0.003,5.931,0
SIGRID,0.003,5.934,1
NICOLETTE,0.003,5.937,2
MARYJO,0.003,5.940,3
LINETTE,0.003,5.944,4
HEDWIG,0.003,5.947,5
CHRISTIANA,0.003,5.950,6
CASSIDY,0.003,5.953,7
ALEXIA,0.003,5.956,8
TRESSIE,0.003,5.959,9
MODESTA,0.003,5.962,0
LUPITA,0.003,5.966,1
LITA,0.003,5.969,2
GLADIS,0.003,5.972,3
EVELIA,0.003,5.975,4
DAVIDA,0.003,5.978,5
CHERRI,0.003,5.981,6
CECILY,0.003,5.984,7
ASHELY,0.003,5.988,8
ANNABEL,0.003,5.991,9
AGUSTINA,0.003,5.994,0
WANITA,0.003,5.997,1
SHIRLY,0.003,6.000,2
ROSAURA,0.003,6.003,3
HULDA,0.003,6.006,4
EUN,0.003,6.009,5
BAILEY,0.003,6.013,6
YETTA,0.003,6.016,7
VERONA,0.003,6.019,8
THOMASINA,0.003,6.022,9
SIBYL,0.003,6.025,0
SHANNAN,0.003,6.028,1
MECHELLE,0.003,6.031,2
LUE,0.003,6.034,3
LEANDRA,0.003,6.037,4
LANI,0.003,6.040,5
KYLEE,0.003,6.043,6
KANDY,0.003,6.046,7
JOLYNN,0.003,6.049,8
FERNE,0.003,6.053,9
EBONI,0.003,6.056,0
CORENE,0.003,6.059,1
ALYSIA,0.003,6.062,2
ZULA,0.003,6.065,3
NADA,0.003,6.068,4
MOIRA,0.003,6.071,5
LYNDSAY,0.003,6.074,6
LORRETTA,0.003,6.077,7
JUAN,0.003,6.080,8
JAMMIE,0.003,6.083,9
HORTENSIA,0.003,6.086,0
GAYNELL,0.003,6.089,1
CAMERON,0.003,6.092,2
ADRIA,0.003,6.095,3
VINA,0.003,6.098,4
VICENTA,0.003,6.101,5
TANGELA,0.003,6.104,6
STEPHINE,0.003,6.107,7
NORINE,0.003,6.110,8
NELLA,0.003,6.113,9
LIANA,0.003,6.116,0
LESLEE,0.003,6.119,1
KIMBERELY,0.003,6.122,2
ILIANA,0.003,6.125,3
GLORY,0.003,6.128,4
FELICA,0.003,6.131,5
EMOGENE,0.003,6.134,6
ELFRIEDE,0.003,6.137,7
EDEN,0.003,6.140,8
EARTHA,0.003,6.144,9
CARMA,0.003,6.147,0
BEA,0.003,6.150,1
OCIE,0.003,6.153,2
MARRY,0.003,6.156,3
LENNIE,0.003,6.158,4
KIARA,0.003,6.161,5
JACALYN,0.003,6.164,6
CARLOTA,0.003,6.167,7
ARIELLE,0.003,6.170,8
YU,0.003,6.173,9
STAR,0.003,6.176,0
OTILIA,0.003,6.179,1
KIRSTIN,0.003,6.182,2
KACEY,0.003,6.185,3
JOHNETTA,0.003,6.188,4
JOEY,0.003,6.191,5
JOETTA,0.003,6.194,6
JERALDINE,0.003,6.197,7
JAUNITA,0.003,6.200,8
ELANA,0.003,6.203,9
DORTHEA,0.003,6.206,0
CAMI,0.003,6.209,1
AMADA,0.003,6.212,2
ADELIA,0.003,6.215,3
VERNITA,0.003,6.218,4
TAMAR,0.003,6.221,5
SIOBHAN,0.003,6.223,6
RENEA,0.003,6.226,7
RASHIDA,0.003,6.229,8
OUIDA,0.003,6.232,9
ODELL,0.003,6.235,0
NILSA,0.003,6.238,1
MERYL,0.003,6.241,2
KRISTYN,0.003,6.244,3
JULIETA,0.003,6.247,4
DANICA,0.003,6.250,5
BREANNE,0.003,6.253,6
AUREA,0.003,6.256,7
ANGLEA,0.003,6.259,8
SHERRON,0.003,6.261,9
ODETTE,0.003,6.264,0
MALIA,0.003,6.267,1
LORELEI,0.003,6.270,2
LIN,0.003,6.273,3
LEESA,0.003,6.276,4
KENNA,0.003,6.279,5
KATHLYN,0.003,6.282,6
FIONA,0.003,6.285,7
CHARLETTE,0.003,6.287,8
SUZIE,0.003,6.290,9
SHANTELL,0.003,6.293,0
SABRA,0.003,6.296,1
RACQUEL,0.003,6.299,2
MYONG,0.003,6.302,3
MIRA,0.003,6.305,4
MARTINE,0.003,6.307,5
LUCIENNE,0.003,6.310,6
LAVADA,0.003,6.313,7
JULIANN,0.003,6.316,8
JOHNIE,0.003,6.319,9
ELVERA,0.003,6.322,0
DELPHIA,0.003,6.325,1
CLAIR,0.003,6.327,2
CHRISTIANE,0.003,6.330,3
CHAROLETTE,0.003,6.333,4
CARRI,0.003,6.336,5
AUGUSTINE,0.003,6.339,6
ASHA,0.003,6.342,7
ANGELLA,0.003,6.345,8
PAOLA,0.003,6.347,9
NINFA,0.003,6.350,0
LEDA,0.003,6.353,1
LAI,0.003,6.356,2
EDA,0.003,6.359,3
SUNSHINE,0.003,6.361,4
STEFANI,0.003,6.364,5
SHANELL,0.003,6.367,6
PALMA,0.003,6.370,7
MACHELLE,0.003,6.373,8
LISSA,0.003,6.375,9
KECIA,0.003,6.378,0
KATHRYNE,0.003,6.381,1
KARLENE,0.003,6.384,2
JULISSA,0.003,6.387,3
JETTIE,0.003,6.389,4
JENNIFFER,0.003,6.392,5
HUI,0.003,6.395,6
CORRINA,0.003,6.398,7
CHRISTOPHER,0.003,6.401,8
CAROLANN,0.003,6.403,9
ALENA,0.003,6.406,0
TESS,0.003,6.409,1
ROSARIA,0.003,6.412,2
MYRTICE,0.003,6.414,3
MARYLEE,0.003,6.417,4
LIANE,0.003,6.420,5
KENYATTA,0.003,6.423,6
JUDIE,0.003,6.426,7
JANEY,0.003,6.428,8
IN,0.003,6.431,9
ELMIRA,0.003,6.434,0
ELDORA,0.003,6.437,1
DENNA,0.003,6.439,2
CRISTI,0.003,6.442,3
CATHI,0.003,6.445,4
ZAIDA,0.003,6.448,5
VONNIE,0.003,6.450,6
VIVA,0.003,6.453,7
VERNIE,0.003,6.456,8
ROSALINE,0.003,6.459,9
MARIELA,0.003,6.461,0
LUCIANA,0.003,6.464,1
LESLI,0.003,6.467,2
KARAN,0.003,6.469,3
FELICE,0.003,6.472,4
DENEEN,0.003,6.475,5
ADINA,0.003,6.478,6
WYNONA,0.003,6.480,7
TARSHA,0.003,6.483,8
SHERON,0.003,6.486,9
SHASTA,0.003,6.488,0
SHANITA,0.003,6.491,1
SHANI,0.003,6.494,2
SHANDRA,0.003,6.497,3
RANDA,0.003,6.499,4
PINKIE,0.003,6.502,5
PARIS,0.003,6.505,6
NELIDA,0.003,6.507,7
MARILOU,0.003,6.510,8
LYLA,0.003,6.513,9
LAURENE,0.003,6.515,0
LACI,0.003,6.518,1
JOI,0.003,6.521,2
JANENE,0.003,6.524,3
DOROTHA,0.003,6.526,4
DANIELE,0.003,6.529,5
DANI,0.003,6.532,6
CAROLYNN,0.003,6.534,7
CARLYN,0.003,6.537,8
BERENICE,0.003,6.540,9
AYESHA,0.003,6.542,0
ANNELIESE,0.003,6.545,1
ALETHEA,0.003,6.548,2
THERSA,0.003,6.551,3
TAMIKO,0.003,6.553,4
RUFINA,0.003,6.556,5
OLIVA,0.003,6.559,6
MOZELL,0.003,6.561,7
MARYLYN,0.003,6.564,8
MADISON,0.003,6.567,9
KRISTIAN,0.003,6.569,0
KATHYRN,0.003,6.572,1
KASANDRA,0.003,6.575,2
KANDACE,0.003,6.577,3
JANAE,0.003,6.580,4
GABRIEL,0.003,6.583,5
DOMENICA,0.003,6.585,6
DEBBRA,0.003,6.588,7
DANNIELLE,0.003,6.591,8
CHUN,0.003,6.593,9
BUFFY,0.003,6.596,0
BARBIE,0.003,6.599,1
ARCELIA,0.003,6.601,2
AJA,0.003,6.604,3
ZENOBIA,0.003,6.607,4
SHAREN,0.003,6.609,5
SHAREE,0.003,6.612,6
PATRICK,0.003,6.614,7
PAGE,0.003,6.617,8
MY,0.003,6.620,9
LAVINIA,0.003,6.622,0
KUM,0.003,6.625,1
KACIE,0.003,6.628,2
JACKELINE,0.003,6.630,3
HUONG,0.003,6.633,4
FELISA,0.003,6.636,5
EMELIA,0.003,6.638,6
ELEANORA,0.003,6.641,7
CYTHIA,0.003,6.644,8
CRISTIN,0.003,6.646,9
CLYDE,0.003,6.649,0
CLARIBEL,0.003,6.651,1
CARON,0.003,6.654,2
ANASTACIA,0.003,6.657,3
ZULMA,0.003,6.659,4
ZANDRA,0.003,6.662,5
YOKO,0.003,6.665,6
TENISHA,0.003,6.667,7
SUSANN,0.003,6.670,8
SHERILYN,0.003,6.672,9
SHAY,0.003,6.675,0
SHAWANDA,0.003,6.678,1
SABINE,0.003,6.680,2
ROMANA,0.003,6.683,3
MATHILDA,0.003,6.685,4
LINSEY,0.003,6.688,5
KEIKO,0.003,6.691,6
JOANA,0.003,6.693,7
ISELA,0.003,6.696,8
GRETTA,0.003,6.698,9
GEORGETTA,0.003,6.701,0
EUGENIE,0.003,6.704,1
DUSTY,0.003,6.706,2
DESIRAE,0.003,6.709,3
DELORA,0.003,6.711,4
CORAZON,0.003,6.714,5
ANTONINA,0.003,6.717,6
ANIKA,0.003,6.719,7
WILLENE,0.003,6.722,8
TRACEE,0.003,6.724,9
TAMATHA,0.003,6.727,0
REGAN,0.003,6.730,1
NICHELLE,0.003,6.732,2
MICKIE,0.003,6.735,3
MAEGAN,0.003,6.737,4
LUANA,0.003,6.740,5
LANITA,0.003,6.742,6
KELSIE,0.003,6.745,7
EDELMIRA,0.003,6.748,8
BREE,0.003,6.750,9
AFTON,0.003,6.753,0
TEODORA,0.003,6.755,1
TAMIE,0.003,6.758,2
SHENA,0.003,6.760,3
MEG,0.003,6.763,4
LINH,0.003,6.765,5
KELI,0.003,6.768,6
KACI,0.003,6.771,7
DANYELLE,0.003,6.773,8
BRITT,0.003,6.776,9
ARLETTE,0.003,6.778,0
ALBERTINE,0.003,6.781,1
ADELLE,0.003,6.783,2
TIFFINY,0.003,6.786,3
STORMY,0.003,6.788,4
SIMONA,0.003,6.791,5
NUMBERS,0.003,6.793,6
NICOLASA,0.003,6.796,7
NICHOL,0.003,6.798,8
NIA,0.003,6.801,9
NAKISHA,0.003,6.803,0
MEE,0.003,6.806,1
MAIRA,0.003,6.808,2
LOREEN,0.003,6.811,3
KIZZY,0.003,6.813,4
JOHNNY,0.003,6.816,5
JAY,0.003,6.818,6
FALLON,0.003,6.821,7
CHRISTENE,0.003,6.823,8
BOBBYE,0.003,6.826,9
ANTHONY,0.003,6.828,0
YING,0.002,6.831,1
VINCENZA,0.002,6.833,2
TANJA,0.002,6.836,3
RUBIE,0.002,6.838,4
RONI,0.002,6.841,5
QUEENIE,0.002,6.843,6
MARGARETT,0.002,6.846,7
KIMBERLI,0.002,6.848,8
IRMGARD,0.002,6.851,9
IDELL,0.002,6.853,0
HILMA,0.002,6.856,1
EVELINA,0.002,6.858,2
ESTA,0.002,6.861,3
EMILEE,0.002,6.863,4
DENNISE,0.002,6.866,5
DANIA,0.002,6.868,6
CARL,0.002,6.871,7
CARIE,0.002,6.873,8
ANTONIO,0.002,6.876,9
WAI,0.002,6.878,0
SANG,0.002,6.881,1
RISA,0.002,6.883,2
RIKKI,0.002,6.885,3
PARTICIA,0.002,6.888,4
MUI,0.002,6.890,5
MASAKO,0.002,6.893,6
MARIO,0.002,6.895,7
LUVENIA,0.002,6.898,8
LOREE,0.002,6.900,9
LONI,0.002,6.903,0
LIEN,0.002,6.905,1
KEVIN,0.002,6.907,2
GIGI,0.002,6.910,3
FLORENCIA,0.002,6.912,4
DORIAN,0.002,6.915,5
DENITA,0.002,6.917,6
DALLAS,0.002,6.920,7
CHI,0.002,6.922,8
BILLYE,0.002,6.925,9
ALEXANDER,0.002,6.927,0
TOMIKA,0.002,6.929,1
SHARITA,0.002,6.932,2
RANA,0.002,6.934,3
NIKOLE,0.002,6.937,4
NEOMA,0.002,6.939,5
MARGARITE,0.002,6.942,6
MADALYN,0.002,6.944,7
LUCINA,0.002,6.946,8
LAILA,0.002,6.949,9
KALI,0.002,6.951,0
JENETTE,0.002,6.954,1
GABRIELE,0.002,6.956,2
EVELYNE,0.002,6.958,3
ELENORA,0.002,6.961,4
CLEMENTINA,0.002,6.963,5
ALEJANDRINA,0.002,6.966,6
ZULEMA,0.002,6.968,7
VIOLETTE,0.002,6.971,8
VANNESSA,0.002,6.973,9
THRESA,0.002,6.975,0
RETTA,0.002,6.978,1
PIA,0.002,6.980,2
PATIENCE,0.002,6.982,3
NOELLA,0.002,6.985,4
NICKIE,0.002,6.987,5
JONELL,0.002,6.990,6
DELTA,0.002,6.992,7
CHUNG,0.002,6.994,8
CHAYA,0.002,6.997,9
CAMELIA,0.002,6.999,0
BETHEL,0.002,7.002,1
ANYA,0.002,7.004,2
ANDREW,0.002,7.006,3
THANH,0.002,7.009,4
SUZANN,0.002,7.011,5
SPRING,0.002,7.013,6
SHU,0.002,7.016,7
MILA,0.002,7.018,8
LILLA,0.002,7.020,9
LAVERNA,0.002,7.023,0
KEESHA,0.002,7.025,1
KATTIE,0.002,7.028,2
GIA,0.002,7.030,3
GEORGENE,0.002,7.032,4
EVELINE,0.002,7.035,5
ESTELL,0.002,7.037,6
ELIZBETH,0.002,7.039,7
VIVIENNE,0.002,7.042,8
VALLIE,0.002,7.044,9
TRUDIE,0.002,7.046,0
STEPHANE,0.002,7.049,1
MICHEL,0.002,7.051,2
MAGALY,0.002,7.053,3
MADIE,0.002,7.056,4
KENYETTA,0.002,7.058,5
KARREN,0.002,7.060,6
JANETTA,0.002,7.063,7
HERMINE,0.002,7.065,8
HARMONY,0.002,7.067,9
DRUCILLA,0.002,7.069,0
DEBBI,0.002,7.072,1
CELESTINA,0.002,7.074,2
CANDIE,0.002,7.076,3
BRITNI,0.002,7.079,4
BECKIE,0.002,7.081,5
AMINA,0.002,7.083,6
ZITA,0.002,7.086,7
YUN,0.002,7.088,8
YOLANDE,0.002,7.090,9
VIVIEN,0.002,7.093,0
VERNETTA,0.002,7.095,1
TRUDI,0.002,7.097,2
SOMMER,0.002,7.099,3
PEARLE,0.002,7.102,4
PATRINA,0.002,7.104,5
OSSIE,0.002,7.106,6
NICOLLE,0.002,7.109,7
LOYCE,0.002,7.111,8
LETTY,0.002,7.113,9
LARISA,0.002,7.116,0
KATHARINA,0.002,7.118,1
JOSELYN,0.002,7.120,2
JONELLE,0.002,7.122,3
JENELL,0.002,7.125,4
IESHA,0.002,7.127,5
HEIDE,0.002,7.129,6
FLORINDA,0.002,7.132,7
FLORENTINA,0.002,7.134,8
FLO,0.002,7.136,9
ELODIA,0.002,7.138,0
DORINE,0.002,7.141,1
BRUNILDA,0.002,7.143,2
BRIGID,0.002,7.145,3
ASHLI,0.002,7.148,4
ARDELLA,0.002,7.150,5
TWANA,0.002,7.152,6
THU,0.002,7.154,7
TARAH,0.002,7.157,8
SUNG,0.002,7.159,9
SHEA,0.002,7.161,0
SHAVON,0.002,7.163,1
SHANE,0.002,7.166,2
SERINA,0.002,7.168,3
RAYNA,0.002,7.170,4
RAMONITA,0.002,7.173,5
NGA,0.002,7.175,6
MARGURITE,0.002,7.177,7
LUCRECIA,0.002,7.179,8
KOURTNEY,0.002,7.182,9
KATI,0.002,7.184,0
JESUS,0.002,7.186,1
JESENIA,0.002,7.188,2
DIAMOND,0.002,7.191,3
CRISTA,0.002,7.193,4
AYANA,0.002,7.195,5
ALICA,0.002,7.197,6
ALIA,0.002,7.200,7
VINNIE,0.002,7.202,8
SUELLEN,0.002,7.204,9
ROMELIA,0.002,7.206,0
RACHELL,0.002,7.209,1
PIPER,0.002,7.211,2
OLYMPIA,0.002,7.213,3
MICHIKO,0.002,7.215,4
KATHALEEN,0.002,7.217,5
JOLIE,0.002,7.220,6
JESSI,0.002,7.222,7
JANESSA,0.002,7.224,8
HANA,0.002,7.226,9
HA,0.002,7.229,0
ELEASE,0.002,7.231,1
CARLETTA,0.002,7.233,2
BRITANY,0.002,7.235,3
SHONA,0.002,7.238,4
SALOME,0.002,7.240,5
ROSAMOND,0.002,7.242,6
REGENA,0.002,7.244,7
RAINA,0.002,7.246,8
NGOC,0.002,7.249,9
NELIA,0.002,7.251,0
LOUVENIA,0.002,7.253,1
LESIA,0.002,7.255,2
LATRINA,0.002,7.257,3
LATICIA,0.002,7.260,4
LARHONDA,0.002,7.262,5
JINA,0.002,7.264,6
JACKI,0.002,7.266,7
HOLLIS,0.002,7.268,8
HOLLEY,0.002,7.271,9
EMMY,0.002,7.273,0
DEEANN,0.002,7.275,1
CORETTA,0.002,7.277,2
ARNETTA,0.002,7.279,3
VELVET,0.002,7.281,4
THALIA,0.002,7.284,5
SHANICE,0.002,7.286,6
NETA,0.002,7.288,7
MIKKI,0.002,7.290,8
MICKI,0.002,7.292,9
LONNA,0.002,7.294,0
LEANA,0.002,7.297,1
LASHUNDA,0.002,7.299,2
KILEY,0.002,7.301,3
JOYE,0.002,7.303,4
JACQULYN,0.002,7.305,5
IGNACIA,0.002,7.307,6
HYUN,0.002,7.310,7
HIROKO,0.002,7.312,8
HENRY,0.002,7.314,9
HENRIETTE,0.002,7.316,0
ELAYNE,0.002,7.318,1
DELINDA,0.002,7.320,2
DARNELL,0.002,7.323,3
DAHLIA,0.002,7.325,4
COREEN,0.002,7.327,5
CONSUELA,0.002,7.329,6
CONCHITA,0.002,7.331,7
CELINE,0.002,7.333,8
BABETTE,0.002,7.336,9
AYANNA,0.002,7.338,0
ANETTE,0.002,7.340,1
ALBERTINA,0.002,7.342,2
SKYE,0.002,7.344,3
SHAWNEE,0.002,7.346,4
SHANEKA,0.002,7.349,5
QUIANA,0.002,7.351,6
PAMELIA,0.002,7.353,7
MIN,0.002,7.355,8
MERRI,0.002,7.357,9
MERLENE,0.002,7.359,0
MARGIT,0.002,7.361,1
KIESHA,0.002,7.363,2
KIERA,0.002,7.366,3
KAYLENE,0.002,7.368,4
JODEE,0.002,7.370,5
JENISE,0.002,7.372,6
ERLENE,0.002,7.374,7
EMMIE,0.002,7.376,8
ELSE,0.002,7.378,9
DARYL,0.002,7.381,0
DALILA,0.002,7.383,1
DAISEY,0.002,7.385,2
CODY,0.002,7.387,3
CASIE,0.002,7.389,4
BELIA,0.002,7.391,5
BABARA,0.002,7.393,6
VERSIE,0.002,7.395,7
VANESA,0.002,7.398,8
SHELBA,0.002,7.400,9
SHAWNDA,0.002,7.402,0
SAM,0.002,7.404,1
NORMAN,0.002,7.406,2
NIKIA,0.002,7.408,3
NAOMA,0.002,7.410,4
MARNA,0.002,7.412,5
MARGERET,0.002,7.414,6
MADALINE,0.002,7.417,7
LAWANA,0.002,7.419,8
KINDRA,0.002,7.421,9
JUTTA,0.002,7.423,0
JAZMINE,0.002,7.425,1
JANETT,0.002,7.427,2
HANNELORE,0.002,7.429,3
GLENDORA,0.002,7.431,4
GERTRUD,0.002,7.433,5
GARNETT,0.002,7.435,6
FREEDA,0.002,7.438,7
FREDERICA,0.002,7.440,8
FLORANCE,0.002,7.442,9
FLAVIA,0.002,7.444,0
DENNIS,0.002,7.446,1
CARLINE,0.002,7.448,2
BEVERLEE,0.002,7.450,3
ANJANETTE,0.002,7.452,4
VALDA,0.002,7.454,5
TRINITY,0.002,7.456,6
TAMALA,0.002,7.459,7
STEVIE,0.002,7.461,8
SHONNA,0.002,7.463,9
SHA,0.002,7.465,0
SARINA,0.002,7.467,1
ONEIDA,0.002,7.469,2
MICAH,0.002,7.471,3
MERILYN,0.002,7.473,4
MARLEEN,0.002,7.475,5
LURLINE,0.002,7.477,6
LENNA,0.002,7.479,7
KATHERIN,0.002,7.481,8
JIN,0.002,7.483,9
JENI,0.002,7.485,0
HAE,0.002,7.488,1
GRACIA,0.002,7.490,2
GLADY,0.002,7.492,3
FARAH,0.002,7.494,4
ERIC,0.002,7.496,5
ENOLA,0.002,7.498,6
EMA,0.002,7.500,7
DOMINQUE,0.002,7.502,8
DEVONA,0.002,7.504,9
DELANA,0.002,7.506,0
CECILA,0.002,7.508,1
CAPRICE,0.002,7.510,2
ALYSHA,0.002,7.512,3
ALI,0.002,7.514,4
ALETHIA,0.002,7.517,5
VENA,0.002,7.519,6
THERESIA,0.002,7.521,7
TAWNY,0.002,7.523,8
SONG,0.002,7.525,9
SHAKIRA,0.002,7.527,0
SAMARA,0.002,7.529,1
SACHIKO,0.002,7.531,2
RACHELE,0.002,7.533,3
PAMELLA,0.002,7.535,4
NICKY,0.002,7.537,5
MARNI,0.002,7.539,6
MARIEL,0.002,7.541,7
MAREN,0.002,7.543,8
MALISA,0.002,7.545,9
LIGIA,0.002,7.547,0
LERA,0.002,7.549,1
LATORIA,0.002,7.551,2
LARAE,0.002,7.553,3
KIMBER,0.002,7.555,4
KATHERN,0.002,7.557,5
KAREY,0.002,7.559,6
JENNEFER,0.002,7.561,7
JANETH,0.002,7.563,8
HALINA,0.002,7.566,9
FREDIA,0.002,7.568,0
DELISA,0.002,7.570,1
DEBROAH,0.002,7.572,2
CIERA,0.002,7.574,3
CHIN,0.002,7.576,4
ANGELIKA,0.002,7.578,5
ANDREE,0.002,7.580,6
ALTHA,0.002,7.582,7
YEN,0.002,7.584,8
VIVAN,0.002,7.586,9
TERRESA,0.002,7.588,0
TANNA,0.002,7.590,1
SUK,0.002,7.592,2
SUDIE,0.002,7.594,3
SOO,0.002,7.596,4
SIGNE,0.002,7.598,5
SALENA,0.002,7.600,6
RONNI,0.002,7.602,7
REBBECCA,0.002,7.604,8
MYRTIE,0.002,7.606,9
MCKENZIE,0.002,7.608,0
MALIKA,0.002,7.610,1
MAIDA,0.002,7.612,2
LOAN,0.002,7.614,3
LEONARDA,0.002,7.616,4
KAYLEIGH,0.002,7.618,5
FRANCE,0.002,7.620,6
ETHYL,0.002,7.622,7
ELLYN,0.002,7.624,8
DAYLE,0.002,7.626,9
CAMMIE,0.002,7.628,0
BRITTNI,0.002,7.630,1
BIRGIT,0.002,7.632,2
AVELINA,0.002,7.634,3
ASUNCION,0.002,7.636,4
ARIANNA,0.002,7.638,5
AKIKO,0.002,7.640,6
VENICE,0.002,7.642,7
TYESHA,0.002,7.644,8
TONIE,0.002,7.646,9
TIESHA,0.002,7.648,0
TAKISHA,0.002,7.650,1
STEFFANIE,0.002,7.652,2
SINDY,0.002,7.654,3
SANTANA,0.002,7.656,4
MEGHANN,0.002,7.658,5
MANDA,0.002,7.660,6
MACIE,0.002,7.662,7
LADY,0.002,7.664,8
KELLYE,0.002,7.666,9
KELLEE,0.002,7.668,0
JOSLYN,0.002,7.670,1
JASON,0.002,7.672,2
INGER,0.002,7.674,3
INDIRA,0.002,7.676,4
GLINDA,0.002,7.678,5
GLENNIS,0.002,7.680,6
FERNANDA,0.002,7.682,7
FAUSTINA,0.002,7.684,8
ENEIDA,0.002,7.686,9
ELICIA,0.002,7.688,0
DOT,0.002,7.690,1
DIGNA,0.002,7.692,2
DELL,0.002,7.694,3
ARLETTA,0.002,7.696,4
ANDRE,0.002,7.698,5
WILLIA,0.002,7.699,6
TAMMARA,0.002,7.701,7
TABETHA,0.002,7.703,8
SHERRELL,0.002,7.705,9
SARI,0.002,7.707,0
REFUGIO,0.002,7.709,1
REBBECA,0.002,7.711,2
PAULETTA,0.002,7.713,3
NIEVES,0.002,7.715,4
NATOSHA,0.002,7.717,5
NAKITA,0.002,7.719,6
MAMMIE,0.002,7.721,7
KENISHA,0.002,7.723,8
KAZUKO,0.002,7.725,9
KASSIE,0.002,7.727,0
GARY,0.002,7.729,1
EARLEAN,0.002,7.731,2
DAPHINE,0.002,7.733,3
CORLISS,0.002,7.735,4
CLOTILDE,0.002,7.736,5
CAROLYNE,0.002,7.738,6
BERNETTA,0.002,7.740,7
AUGUSTINA,0.002,7.742,8
AUDREA,0.002,7.744,9
ANNIS,0.002,7.746,0
ANNABELL,0.002,7.748,1
YAN,0.002,7.750,2
TENNILLE,0.002,7.752,3
TAMICA,0.002,7.754,4
SELENE,0.002,7.756,5
SEAN,0.002,7.758,6
ROSANA,0.002,7.760,7
REGENIA,0.002,7.762,8
QIANA,0.002,7.763,9
MARKITA,0.002,7.765,0
MACY,0.002,7.767,1
LEEANNE,0.002,7.769,2
LAURINE,0.002,7.771,3
KYM,0.002,7.773,4
JESSENIA,0.002,7.775,5
JANITA,0.002,7.777,6
GEORGINE,0.002,7.779,7
GENIE,0.002,7.781,8
EMIKO,0.002,7.783,9
ELVIE,0.002,7.785,0
DEANDRA,0.002,7.786,1
DAGMAR,0.002,7.788,2
CORIE,0.002,7.790,3
COLLEN,0.002,7.792,4
CHERISH,0.002,7.794,5
ROMAINE,0.002,7.796,6
PORSHA,0.002,7.798,7
PEARLENE,0.002,7.800,8
MICHELINE,0.002,7.802,9
MERNA,0.002,7.804,0
MARGORIE,0.002,7.805,1
MARGARETTA,0.002,7.807,2
LORE,0.002,7.809,3
KENNETH,0.002,7.811,4
JENINE,0.002,7.813,5
HERMINA,0.002,7.815,6
FREDERICKA,0.002,7.817,7
ELKE,0.002,7.819,8
DRUSILLA,0.002,7.820,9
DORATHY,0.002,7.822,0
DIONE,0.002,7.824,1
DESIRE,0.002,7.826,2
CELENA,0.002,7.828,3
BRIGIDA,0.002,7.830,4
ANGELES,0.002,7.832,5
ALLEGRA,0.002,7.834,6
THEO,0.002,7.836,7
TAMEKIA,0.002,7.837,8
SYNTHIA,0.002,7.839,9
STEPHEN,0.002,7.841,0
SOOK,0.002,7.843,1
SLYVIA,0.002,7.845,2
ROSANN,0.002,7.847,3
REATHA,0.002,7.849,4
RAYE,0.002,7.850,5
MARQUETTA,0.002,7.852,6
MARGART,0.002,7.854,7
LING,0.002,7.856,8
LAYLA,0.002,7.858,9
KYMBERLY,0.002,7.860,0
KIANA,0.002,7.861,1
KAYLEEN,0.002,7.863,2
KATLYN,0.002,7.865,3
KARMEN,0.002,7.867,4
JOELLA,0.002,7.869,5
IRINA,0.002,7.871,6
EMELDA,0.002,7.873,7
ELENI,0.002,7.874,8
DETRA,0.002,7.876,9
CLEMMIE,0.002,7.878,0
CHERYLL,0.002,7.880,1
CHANTELL,0.002,7.882,2
CATHEY,0.002,7.884,3
ARNITA,0.002,7.886,4
ARLA,0.002,7.887,5
ANGLE,0.002,7.889,6
ANGELIC,0.002,7.891,7
ALYSE,0.002,7.893,8
ZOFIA,0.002,7.895,9
THOMASINE,0.002,7.897,0
TENNIE,0.002,7.898,1
SON,0.002,7.900,2
SHERLY,0.002,7.902,3
SHERLEY,0.002,7.904,4
SHARYL,0.002,7.906,5
REMEDIOS,0.002,7.908,6
PETRINA,0.002,7.909,7
NICKOLE,0.002,7.911,8
MYUNG,0.002,7.913,9
MYRLE,0.002,7.915,0
MOZELLA,0.002,7.917,1
LOUANNE,0.002,7.918,2
LISHA,0.002,7.920,3
LATIA,0.002,7.922,4
LANE,0.002,7.924,5
KRYSTA,0.002,7.926,6
JULIENNE,0.002,7.928,7
JOEL,0.002,7.929,8
JEANENE,0.002,7.931,9
JACQUALINE,0.002,7.933,0
ISAURA,0.002,7.935,1
GWENDA,0.002,7.937,2
EARLEEN,0.002,7.939,3
DONALD,0.002,7.940,4
CLEOPATRA,0.002,7.942,5
CARLIE,0.002,7.944,6
AUDIE,0.002,7.946,7
ANTONIETTA,0.002,7.948,8
ALISE,0.002,7.949,9
ALEX,0.002,7.951,0
VERDELL,0.002,7.953,1
VAL,0.002,7.955,2
TYLER,0.002,7.957,3
TOMOKO,0.002,7.958,4
THAO,0.002,7.960,5
TALISHA,0.002,7.962,6
STEVEN,0.002,7.964,7
SO,0.002,7.966,8
SHEMIKA,0.002,7.967,9
SHAUN,0.002,7.969,0
SCARLET,0.002,7.971,1
SAVANNA,0.002,7.973,2
SANTINA,0.002,7.975,3
ROSIA,0.002,7.976,4
RAEANN,0.002,7.978,5
ODILIA,0.002,7.980,6
NANA,0.002,7.982,7
MINNA,0.002,7.983,8
MAGAN,0.002,7.985,9
LYNELLE,0.002,7.987,0
LE,0.002,7.989,1
KARMA,0.002,7.991,2
JOEANN,0.002,7.992,3
IVANA,0.002,7.994,4
INELL,0.002,7.996,5
ILANA,0.002,7.998,6
HYE,0.002,8.000,7
HONEY,0.002,8.001,8
HEE,0.002,8.003,9
GUDRUN,0.002,8.005,0
FRANK,0.002,8.007,1
DREAMA,0.002,8.009,2
CRISSY,0.002,8.010,3
CHANTE,0.002,8.012,4
CARMELINA,0.002,8.014,5
ARVILLA,0.002,8.016,6
ARTHUR,0.002,8.017,7
ANNAMAE,0.002,8.019,8
ALVERA,0.002,8.021,9
ALEIDA,0.002,8.023,0
AARON,0.002,8.025,1
YEE,0.002,8.026,2
YANIRA,0.002,8.028,3
VANDA,0.002,8.030,4
TIANNA,0.002,8.032,5
TAM,0.002,8.033,6
STEFANIA,0.002,8.035,7
SHIRA,0.002,8.037,8
PERRY,0.002,8.039,9
NICOL,0.002,8.040,0
NANCIE,0.002,8.042,1
MONSERRATE,0.002,8.044,2
MINH,0.002,8.046,3
MELYNDA,0.002,8.048,4
MELANY,0.002,8.049,5
MATTHEW,0.002,8.051,6
LOVELLA,0.002,8.053,7
LAURE,0.002,8.055,8
KIRBY,0.002,8.056,9
KACY,0.002,8.058,0
JACQUELYNN,0.002,8.060,1
HYON,0.002,8.062,2
GERTHA,0.002,8.063,3
FRANCISCO,0.002,8.065,4
ELIANA,0.002,8.067,5
CHRISTENA,0.002,8.069,6
CHRISTEEN,0.002,8.070,7
CHARISE,0.002,8.072,8
CATERINA,0.002,8.074,9
CARLEY,0.002,8.076,0
CANDYCE,0.002,8.077,1
ARLENA,0.002,8.079,2
AMMIE,0.002,8.081,3
YANG,0.002,8.083,4
WILLETTE,0.002,8.084,5
VANITA,0.002,8.086,6
TUYET,0.002,8.088,7
TINY,0.002,8.090,8
SYREETA,0.002,8.091,9
SILVA,0.002,8.093,0
SCOTT,0.002,8.095,1
RONALD,0.002,8.096,2
PENNEY,0.002,8.098,3
NYLA,0.002,8.100,4
MICHAL,0.002,8.102,5
MAURICE,0.002,8.103,6
MARYAM,0.002,8.105,7
MARYA,0.002,8.107,8
MAGEN,0.002,8.109,9
LUDIE,0.002,8.110,0
LOMA,0.002,8.112,1
LIVIA,0.002,8.114,2
LANELL,0.002,8.115,3
KIMBERLIE,0.002,8.117,4
JULEE,0.002,8.119,5
DONETTA,0.002,8.121,6
DIEDRA,0.002,8.122,7
DENISHA,0.002,8.124,8
DEANE,0.002,8.126,9
DAWNE,0.002,8.128,0
CLARINE,0.002,8.129,1
CHERRYL,0.002,8.131,2
BRONWYN,0.002,8.133,3
BRANDON,0.002,8.134,4
ALLA,0.002,8.136,5
VALERY,0.002,8.138,6
TONDA,0.002,8.140,7
SUEANN,0.002,8.141,8
SORAYA,0.002,8.143,9
SHOSHANA,0.002,8.145,0
SHELA,0.002,8.146,1
SHARLEEN,0.002,8.148,2
SHANELLE,0.002,8.150,3
NERISSA,0.002,8.151,4
MICHEAL,0.002,8.153,5
MERIDITH,0.002,8.155,6
MELLIE,0.002,8.157,7
MAYE,0.002,8.158,8
MAPLE,0.002,8.160,9
MAGARET,0.002,8.162,0
LUIS,0.002,8.163,1
LILI,0.002,8.165,2
LEONILA,0.002,8.167,3
LEONIE,0.002,8.168,4
LEEANNA,0.002,8.170,5
LAVONIA,0.002,8.172,6
LAVERA,0.002,8.173,7
KRISTEL,0.002,8.175,8
KATHEY,0.002,8.177,9
KATHE,0.002,8.179,0
JUSTIN,0.002,8.180,1
JULIAN,0.002,8.182,2
JIMMY,0.002,8.184,3
JANN,0.002,8.185,4
ILDA,0.002,8.187,5
HILDRED,0.002,8.189,6
HILDEGARDE,0.002,8.190,7
GENIA,0.002,8.192,8
FUMIKO,0.002,8.194,9
EVELIN,0.002,8.196,0
ERMELINDA,0.002,8.197,1
ELLY,0.002,8.199,2
DUNG,0.002,8.201,3
DOLORIS,0.002,8.202,4
DIONNA,0.002,8.204,5
DANAE,0.002,8.206,6
BERNEICE,0.002,8.207,7
ANNICE,0.002,8.209,8
ALIX,0.002,8.211,9
VERENA,0.002,8.212,0
VERDIE,0.002,8.214,1
TRISTAN,0.002,8.216,2
SHAWNNA,0.002,8.217,3
SHAWANA,0.002,8.219,4
SHAUNNA,0.002,8.221,5
ROZELLA,0.002,8.222,6
RANDEE,0.002,8.224,7
RANAE,0.002,8.226,8
MILAGRO,0.002,8.227,9
LYNELL,0.002,8.229,0
LUISE,0.002,8.231,1
LOUIE,0.002,8.232,2
LOIDA,0.002,8.234,3
LISBETH,0.002,8.236,4
KARLEEN,0.002,8.237,5
JUNITA,0.002,8.239,6
JONA,0.002,8.241,7
ISIS,0.002,8.242,8
HYACINTH,0.002,8.244,9
HEDY,0.002,8.246,0
GWENN,0.002,8.247,1
ETHELENE,0.002,8.249,2
ERLINE,0.002,8.251,3
EDWARD,0.002,8.252,4
DONYA,0.002,8.254,5
DOMONIQUE,0.002,8.256,6
DELICIA,0.002,8.257,7
DANNETTE,0.002,8.259,8
CICELY,0.002,8.261,9
BRANDA,0.002,8.262,0
BLYTHE,0.002,8.264,1
BETHANN,0.002,8.266,2
ASHLYN,0.002,8.267,3
ANNALEE,0.002,8.269,4
ALLINE,0.002,8.271,5
YUKO,0.002,8.272,6
VELLA,0.002,8.274,7
TRANG,0.002,8.276,8
TOWANDA,0.002,8.277,9
TESHA,0.002,8.279,0
SHERLYN,0.002,8.281,1
NARCISA,0.002,8.282,2
MIGUELINA,0.002,8.284,3
MERI,0.002,8.285,4
MAYBELL,0.002,8.287,5
MARLANA,0.002,8.289,6
MARGUERITA,0.002,8.290,7
MADLYN,0.002,8.292,8
LUNA,0.002,8.294,9
LORY,0.002,8.295,0
LORIANN,0.002,8.297,1
LIBERTY,0.002,8.298,2
LEONORE,0.002,8.300,3
LEIGHANN,0.002,8.302,4
LAURICE,0.002,8.303,5
LATESHA,0.002,8.305,6
LARONDA,0.002,8.307,7
KATRICE,0.002,8.308,8
KASIE,0.002,8.310,9
KARL,0.002,8.312,0
KALEY,0.002,8.313,1
JADWIGA,0.002,8.315,2
GLENNIE,0.002,8.316,3
GEARLDINE,0.002,8.318,4
FRANCINA,0.002,8.320,5
EPIFANIA,0.002,8.321,6
DYAN,0.002,8.323,7
DORIE,0.002,8.325,8
DIEDRE,0.002,8.326,9
DENESE,0.002,8.328,0
DEMETRICE,0.002,8.330,1
DELENA,0.002,8.331,2
DARBY,0.002,8.333,3
CRISTIE,0.002,8.334,4
CLEORA,0.002,8.336,5
CATARINA,0.002,8.338,6
CARISA,0.002,8.339,7
BERNIE,0.002,8.341,8
BARBERA,0.002,8.343,9
ALMETA,0.002,8.344,0
TRULA,0.002,8.346,1
TEREASA,0.002,8.347,2
SOLANGE,0.002,8.349,3
SHEILAH,0.002,8.351,4
SHAVONNE,0.002,8.352,5
SANORA,0.002,8.354,6
ROCHELL,0.002,8.355,7
MATHILDE,0.002,8.357,8
MARGARETA,0.002,8.359,9
MAIA,0.002,8.360,0
LYNSEY,0.002,8.362,1
LAWANNA,0.002,8.363,2
LAUNA,0.002,8.365,3
KENA,0.002,8.367,4
KEENA,0.002,8.368,5
KATIA,0.002,8.370,6
JAMEY,0.002,8.371,7
GLYNDA,0.002,8.373,8
GAYLENE,0.002,8.375,9
ELVINA,0.002,8.376,0
ELANOR,0.002,8.378,1
DANUTA,0.002,8.379,2
DANIKA,0.002,8.381,3
CRISTEN,0.002,8.383,4
CORDIE,0.002,8.384,5
COLETTA,0.002,8.386,6
CLARITA,0.002,8.387,7
CARMON,0.002,8.389,8
BRYNN,0.002,8.391,9
AZUCENA,0.002,8.392,0
AUNDREA,0.002,8.394,1
ANGELE,0.002,8.395,2
YI,0.002,8.397,3
WALTER,0.002,8.399,4
VERLIE,0.002,8.400,5
VERLENE,0.002,8.402,6
TAMESHA,0.002,8.403,7
SILVANA,0.002,8.405,8
SEBRINA,0.002,8.406,9
SAMIRA,0.002,8.408,0
REDA,0.002,8.410,1
RAYLENE,0.002,8.411,2
PENNI,0.002,8.413,3
PANDORA,0.002,8.414,4
NORAH,0.002,8.416,5
NOMA,0.002,8.417,6
MIREILLE,0.002,8.419,7
MELISSIA,0.002,8.421,8
MARYALICE,0.002,8.422,9
LARAINE,0.002,8.424,0
KIMBERY,0.002,8.425,1
KARYL,0.002,8.427,2
KARINE,0.002,8.428,3
KAM,0.002,8.430,4
JOLANDA,0.002,8.432,5
JOHANA,0.002,8.433,6
JESUSA,0.002,8.435,7
JALEESA,0.002,8.436,8
JAE,0.002,8.438,9
JACQUELYNE,0.002,8.439,0
IRISH,0.002,8.441,1
ILUMINADA,0.002,8.443,2
HILARIA,0.002,8.444,3
HANH,0.002,8.446,4
GENNIE,0.002,8.447,5
FRANCIE,0.002,8.449,6
FLORETTA,0.002,8.450,7
EXIE,0.002,8.452,8
EDDA,0.002,8.454,9
DREMA,0.002,8.455,0
DELPHA,0.002,8.457,1
BEV,0.002,8.458,2
BARBAR,0.002,8.460,3
ASSUNTA,0.002,8.461,4
ARDELL,0.002,8.463,5
ANNALISA,0.002,8.465,6
ALISIA,0.002,8.466,7
YUKIKO,0.002,8.468,8
YOLANDO,0.002,8.469,9
WONDA,0.002,8.471,0
WEI,0.002,8.472,1
WALTRAUD,0.002,8.474,2
VETA,0.002,8.475,3
TEQUILA,0.002,8.477,4
TEMEKA,0.002,8.478,5
TAMEIKA,0.002,8.480,6
SHIRLEEN,0.002,8.481,7
SHENITA,0.002,8.483,8
PIEDAD,0.002,8.485,9
OZELLA,0.002,8.486,0
MIRTHA,0.002,8.488,1
MARILU,0.002,8.489,2
KIMIKO,0.002,8.491,3
JULIANE,0.002,8.492,4
JENICE,0.002,8.494,5
JEN,0.002,8.495,6
JANAY,0.002,8.497,7
JACQUILINE,0.002,8.498,8
HILDE,0.002,8.500,9
FE,0.002,8.502,0
FAE,0.002,8.503,1
EVAN,0.002,8.505,2
EUGENE,0.002,8.506,3
ELOIS,0.002,8.508,4
ECHO,0.002,8.509,5
DEVORAH,0.002,8.511,6
CHAU,0.002,8.512,7
BRINDA,0.002,8.514,8
BETSEY,0.002,8.515,9
ARMINDA,0.002,8.517,0
ARACELIS,0.002,8.518,1
APRYL,0.002,8.520,2
ANNETT,0.002,8.522,3
ALISHIA,0.002,8.523,4
VEOLA,0.002,8.525,5
USHA,0.002,8.526,6
TOSHIKO,0.002,8.528,7
THEOLA,0.002,8.529,8
TASHIA,0.002,8.531,9
TALITHA,0.002,8.532,0
SHERY,0.002,8.534,1
RUDY,0.002,8.535,2
RENETTA,0.002,8.537,3
REIKO,0.002,8.538,4
RASHEEDA,0.002,8.540,5
OMEGA,0.002,8.541,6
OBDULIA,0.002,8.543,7
MIKA,0.002,8.544,8
MELAINE,0.002,8.546,9
MEGGAN,0.002,8.547,0
MARTIN,0.002,8.549,1
MARLEN,0.002,8.550,2
MARGET,0.002,8.552,3
MARCELINE,0.002,8.553,4
MANA,0.002,8.555,5
MAGDALEN,0.002,8.556,6
LIBRADA,0.002,8.558,7
LEZLIE,0.002,8.559,8
LEXIE,0.002,8.561,9
LATASHIA,0.002,8.562,0
LASANDRA,0.002,8.564,1
KELLE,0.002,8.565,2
ISIDRA,0.002,8.567,3
ISA,0.002,8.568,4
INOCENCIA,0.002,8.570,5
GWYN,0.002,8.571,6
FRANCOISE,0.002,8.573,7
ERMINIA,0.002,8.574,8
ERINN,0.002,8.576,9
DIMPLE,0.002,8.577,0
DEVORA,0.002,8.579,1
CRISELDA,0.002,8.580,2
ARMANDA,0.002,8.582,3
ARIE,0.002,8.583,4
ARIANE,0.002,8.585,5
ANGELO,0.002,8.586,6
ANGELENA,0.002,8.588,7
ALLEN,0.002,8.589,8
ALIZA,0.002,8.591,9
ADRIENE,0.002,8.592,0
ADALINE,0.002,8.594,1
XOCHITL,0.001,8.595,2
TWANNA,0.001,8.597,3
TRAN,0.001,8.598,4
TOMIKO,0.001,8.600,5
TAMISHA,0.001,8.601,6
TAISHA,0.001,8.603,7
SUSY,0.001,8.604,8
SIU,0.001,8.606,9
RUTHA,0.001,8.607,0
ROXY,0.001,8.609,1
RHONA,0.001,8.610,2
RAYMOND,0.001,8.612,3
OTHA,0.001,8.613,4
NORIKO,0.001,8.615,5
NATASHIA,0.001,8.616,6
MERRIE,0.001,8.618,7
MELVIN,0.001,8.619,8
MARINDA,0.001,8.620,9
MARIKO,0.001,8.622,0
MARGERT,0.001,8.623,1
LORIS,0.001,8.625,2
LIZZETTE,0.001,8.626,3
LEISHA,0.001,8.628,4
KAILA,0.001,8.629,5
KA,0.001,8.631,6
JOANNIE,0.001,8.632,7
JERRICA,0.001,8.634,8
JENE,0.001,8.635,9
JANNET,0.001,8.637,0
JANEE,0.001,8.638,1
JACINDA,0.001,8.640,2
HERTA,0.001,8.641,3
ELENORE,0.001,8.643,4
DORETTA,0.001,8.644,5
DELAINE,0.001,8.646,6
DANIELL,0.001,8.647,7
CLAUDIE,0.001,8.649,8
CHINA,0.001,8.650,9
BRITTA,0.001,8.651,0
APOLONIA,0.001,8.653,1
AMBERLY,0.001,8.654,2
ALEASE,0.001,8.656,3
YURI,0.001,8.657,4
YUK,0.001,8.659,5
WEN,0.001,8.660,6
WANETA,0.001,8.662,7
UTE,0.001,8.663,8
TOMI,0.001,8.665,9
SHARRI,0.001,8.666,0
SANDIE,0.001,8.667,1
ROSELLE,0.001,8.669,2
REYNALDA,0.001,8.670,3
RAGUEL,0.001,8.672,4
PHYLICIA,0.001,8.673,5
PATRIA,0.001,8.675,6
OLIMPIA,0.001,8.676,7
ODELIA,0.001,8.678,8
MITZIE,0.001,8.679,9
MITCHELL,0.001,8.680,0
MISS,0.001,8.682,1
MINDA,0.001,8.683,2
MIGNON,0.001,8.685,3
MICA,0.001,8.686,4
MENDY,0.001,8.688,5
MARIVEL,0.001,8.689,6
MAILE,0.001,8.691,7
LYNETTA,0.001,8.692,8
LAVETTE,0.001,8.693,9
LAURYN,0.001,8.695,0
LATRISHA,0.001,8.696,1
LAKIESHA,0.001,8.698,2
KIERSTEN,0.001,8.699,3
KARY,0.001,8.701,4
JOSPHINE,0.001,8.702,5
JOLYN,0.001,8.704,6
JETTA,0.001,8.705,7
JANISE,0.001,8.706,8
JACQUIE,0.001,8.708,9
IVELISSE,0.001,8.709,0
GLYNIS,0.001,8.711,1
GIANNA,0.001,8.712,2
GAYNELLE,0.001,8.714,3
EMERALD,0.001,8.715,4
DEMETRIUS,0.001,8.717,5
DANYELL,0.001,8.718,6
DANILLE,0.001,8.719,7
DACIA,0.001,8.721,8
CORALEE,0.001,8.722,9
CHER,0.001,8.724,0
CEOLA,0.001,8.725,1
BRETT,0.001,8.727,2
BELL,0.001,8.728,3
ARIANNE,0.001,8.730,4
ALESHIA,0.001,8.731,5
YUNG,0.001,8.732,6
WILLIEMAE,0.001,8.734,7
TROY,0.001,8.735,8
TRINH,0.001,8.737,9
THORA,0.001,8.738,0
TAI,0.001,8.739,1
SVETLANA,0.001,8.741,2
SHERIKA,0.001,8.742,3
SHEMEKA,0.001,8.744,4
SHAUNDA,0.001,8.745,5
ROSELINE,0.001,8.747,6
RICKI,0.001,8.748,7
MELDA,0.001,8.749,8
MALLIE,0.001,8.751,9
LAVONNA,0.001,8.752,0
LATINA,0.001,8.754,1
LARRY,0.001,8.755,2
LAQUANDA,0.001,8.756,3
LALA,0.001,8.758,4
LACHELLE,0.001,8.759,5
KLARA,0.001,8.761,6
KANDIS,0.001,8.762,7
JOHNA,0.001,8.763,8
JEANMARIE,0.001,8.765,9
JAYE,0.001,8.766,0
HANG,0.001,8.768,1
GRAYCE,0.001,8.769,2
GERTUDE,0.001,8.771,3
EMERITA,0.001,8.772,4
EBONIE,0.001,8.773,5
CLORINDA,0.001,8.775,6
CHING,0.001,8.776,7
CHERY,0.001,8.778,8
CAROLA,0.001,8.779,9
BREANN,0.001,8.780,0
BLOSSOM,0.001,8.782,1
BERNARDINE,0.001,8.783,2
BECKI,0.001,8.785,3
ARLETHA,0.001,8.786,4
ARGELIA,0.001,8.788,5
ARA,0.001,8.789,6
ALITA,0.001,8.790,7
YULANDA,0.001,8.792,8
YON,0.001,8.793,9
YESSENIA,0.001,8.794,0
TOBI,0.001,8.796,1
TASIA,0.001,8.797,2
SYLVIE,0.001,8.799,3
SHIRL,0.001,8.800,4
SHIRELY,0.001,8.801,5
SHERIDAN,0.001,8.803,6
SHELLA,0.001,8.804,7
SHANTELLE,0.001,8.806,8
SACHA,0.001,8.807,9
ROYCE,0.001,8.808,0
REBECKA,0.001,8.810,1
REAGAN,0.001,8.811,2
PROVIDENCIA,0.001,8.812,3
PAULENE,0.001,8.814,4
MISHA,0.001,8.815,5
MIKI,0.001,8.817,6
MARLINE,0.001,8.818,7
MARICA,0.001,8.819,8
LORITA,0.001,8.821,9
LATOYIA,0.001,8.822,0
LASONYA,0.001,8.824,1
KERSTIN,0.001,8.825,2
KENDA,0.001,8.826,3
KEITHA,0.001,8.828,4
KATHRIN,0.001,8.829,5
JAYMIE,0.001,8.830,6
JACK,0.001,8.832,7
GRICELDA,0.001,8.833,8
GINETTE,0.001,8.835,9
ERYN,0.001,8.836,0
ELINA,0.001,8.837,1
ELFRIEDA,0.001,8.839,2
DANYEL,0.001,8.840,3
CHEREE,0.001,8.841,4
CHANELLE,0.001,8.843,5
BARRIE,0.001,8.844,6
AVERY,0.001,8.846,7
AURORE,0.001,8.847,8
ANNAMARIA,0.001,8.848,9
ALLEEN,0.001,8.850,0
AILENE,0.001,8.851,1
AIDE,0.001,8.853,2
YASMINE,0.001,8.854,3
VASHTI,0.001,8.855,4
VALENTINE,0.001,8.857,5
TREASA,0.001,8.858,6
TORY,0.001,8.859,7
TIFFANEY,0.001,8.861,8
SHERYLL,0.001,8.862,9
SHARIE,0.001,8.863,0
SHANAE,0.001,8.865,1
SAU,0.001,8.866,2
RAISA,0.001,8.867,3
PA,0.001,8.869,4
NEDA,0.001,8.870,5
MITSUKO,0.001,8.871,6
MIRELLA,0.001,8.873,7
MILDA,0.001,8.874,8
MARYANNA,0.001,8.875,9
MARAGRET,0.001,8.877,0
MABELLE,0.001,8.878,1
LUETTA,0.001,8.880,2
LORINA,0.001,8.881,3
LETISHA,0.001,8.882,4
LATARSHA,0.001,8.884,5
LANELLE,0.001,8.885,6
LAJUANA,0.001,8.886,7
KRISSY,0.001,8.888,8
KARLY,0.001,8.889,9
KARENA,0.001,8.890,0
JON,0.001,8.892,1
JESSIKA,0.001,8.893,2
JERICA,0.001,8.894,3
JEANELLE,0.001,8.896,4
JANUARY,0.001,8.897,5
JALISA,0.001,8.898,6
JACELYN,0.001,8.900,7
IZOLA,0.001,8.901,8
IVEY,0.001,8.902,9
GREGORY,0.001,8.904,0
EUNA,0.001,8.905,1
ETHA,0.001,8.907,2
DREW,0.001,8.908,3
DOMITILA,0.001,8.909,4
DOMINICA,0.001,8.911,5
DAINA,0.001,8.912,6
CREOLA,0.001,8.913,7
CARLI,0.001,8.915,8
CAMIE,0.001,8.916,9
BUNNY,0.001,8.917,0
BRITTNY,0.001,8.919,1
ASHANTI,0.001,8.920,2
ANISHA,0.001,8.921,3
ALEEN,0.001,8.923,4
ADAH,0.001,8.924,5
YASUKO,0.001,8.925,6
WINTER,0.001,8.927,7
VIKI,0.001,8.928,8
VALRIE,0.001,8.929,9
TONA,0.001,8.931,0
TINISHA,0.001,8.932,1
THI,0.001,8.933,2
TERISA,0.001,8.935,3
TATUM,0.001,8.936,4
TANEKA,0.001,8.937,5
SIMONNE,0.001,8.939,6
SHALANDA,0.001,8.940,7
SERITA,0.001,8.941,8
RESSIE,0.001,8.943,9
REFUGIA,0.001,8.944,0
PAZ,0.001,8.945,1
OLENE,0.001,8.947,2
NA,0.001,8.948,3
MERRILL,0.001,8.949,4
MARGHERITA,0.001,8.950,5
MANDIE,0.001,8.952,6
MAN,0.001,8.953,7
MAIRE,0.001,8.954,8
LYNDIA,0.001,8.956,9
LUCI,0.001,8.957,0
LORRIANE,0.001,8.958,1
LORETA,0.001,8.960,2
LEONIA,0.001,8.961,3
LAVONA,0.001,8.962,4
LASHAWNDA,0.001,8.964,5
LAKIA,0.001,8.965,6
KYOKO,0.001,8.966,7
KRYSTINA,0.001,8.968,8
KRYSTEN,0.001,8.969,9
KENIA,0.001,8.970,0
KELSI,0.001,8.972,1
JUDE,0.001,8.973,2
JEANICE,0.001,8.974,3
ISOBEL,0.001,8.976,4
GEORGIANN,0.001,8.977,5
GENNY,0.001,8.978,6
FELICIDAD,0.001,8.979,7
EILENE,0.001,8.981,8
DEON,0.001,8.982,9
DELOISE,0.001,8.983,0
DEEDEE,0.001,8.985,1
DANNIE,0.001,8.986,2
CONCEPTION,0.001,8.987,3
CLORA,0.001,8.989,4
CHERILYN,0.001,8.990,5
CHANG,0.001,8.991,6
CALANDRA,0.001,8.993,7
BERRY,0.001,8.994,8
ARMANDINA,0.001,8.995,9
ANISA,0.001,8.997,0
ULA,0.001,8.998,1
TIMOTHY,0.001,8.999,2
TIERA,0.001,9.000,3
THERESSA,0.001,9.002,4
STEPHANIA,0.001,9.003,5
SIMA,0.001,9.004,6
SHYLA,0.001,9.006,7
SHONTA,0.001,9.007,8
SHERA,0.001,9.008,9
SHAQUITA,0.001,9.010,0
SHALA,0.001,9.011,1
SAMMY,0.001,9.012,2
ROSSANA,0.001,9.013,3
NOHEMI,0.001,9.015,4
NERY,0.001,9.016,5
MORIAH,0.001,9.017,6
MELITA,0.001,9.019,7
MELIDA,0.001,9.020,8
MELANI,0.001,9.021,9
MARYLYNN,0.001,9.022,0
MARISHA,0.001,9.024,1
MARIETTE,0.001,9.025,2
MALORIE,0.001,9.026,3
MADELENE,0.001,9.028,4
LUDIVINA,0.001,9.029,5
LORIA,0.001,9.030,6
LORETTE,0.001,9.031,7
LORALEE,0.001,9.033,8
LIANNE,0.001,9.034,9
LEON,0.001,9.035,0
LAVENIA,0.001,9.037,1
LAURINDA,0.001,9.038,2
LASHON,0.001,9.039,3
KIT,0.001,9.040,4
KIMI,0.001,9.042,5
KEILA,0.001,9.043,6
KATELYNN,0.001,9.044,7
KAI,0.001,9.046,8
JONE,0.001,9.047,9
JOANE,0.001,9.048,0
JI,0.001,9.049,1
JAYNA,0.001,9.051,2
JANELLA,0.001,9.052,3
JA,0.001,9.053,4
HUE,0.001,9.055,5
HERTHA,0.001,9.056,6
FRANCENE,0.001,9.057,7
ELINORE,0.001,9.058,8
DESPINA,0.001,9.060,9
DELSIE,0.001,9.061,0
DEEDRA,0.001,9.062,1
CLEMENCIA,0.001,9.064,2
CARRY,0.001,9.065,3
CAROLIN,0.001,9.066,4
CARLOS,0.001,9.067,5
BULAH,0.001,9.069,6
BRITTANIE,0.001,9.070,7
BOK,0.001,9.071,8
BLONDELL,0.001,9.073,9
BIBI,0.001,9.074,0
BEAULAH,0.001,9.075,1
BEATA,0.001,9.076,2
ANNITA,0.001,9.078,3
AGRIPINA,0.001,9.079,4
VIRGEN,0.001,9.080,5
VALENE,0.001,9.082,6
UN,0.001,9.083,7
TWANDA,0.001,9.084,8
TOMMYE,0.001,9.085,9
TOI,0.001,9.087,0
TARRA,0.001,9.088,1
TARI,0.001,9.089,2
TAMMERA,0.001,9.090,3
SHAKIA,0.001,9.092,4
SADYE,0.001,9.093,5
RUTHANNE,0.001,9.094,6
ROCHEL,0.001,9.095,7
RIVKA,0.001,9.097,8
PURA,0.001,9.098,9
NENITA,0.001,9.099,0
NATISHA,0.001,9.100,1
MING,0.001,9.102,2
MERRILEE,0.001,9.103,3
MELODEE,0.001,9.104,4
MARVIS,0.001,9.105,5
LUCILLA,0.001,9.107,6
LEENA,0.001,9.108,7
LAVETA,0.001,9.109,8
LARITA,0.001,9.110,9
LANIE,0.001,9.112,0
KEREN,0.001,9.113,1
ILEEN,0.001,9.114,2
GEORGEANN,0.001,9.115,3
GENNA,0.001,9.117,4
GENESIS,0.001,9.118,5
FRIDA,0.001,9.119,6
EWA,0.001,9.120,7
EUFEMIA,0.001,9.122,8
EMELY,0.001,9.123,9
ELA,0.001,9.124,0
EDYTH,0.001,9.126,1
DEONNA,0.001,9.127,2
DEADRA,0.001,9.128,3
DARLENA,0.001,9.129,4
CHANELL,0.001,9.131,5
CHAN,0.001,9.132,6
CATHERN,0.001,9.133,7
CASSONDRA,0.001,9.134,8
CASSAUNDRA,0.001,9.136,9
BERNARDA,0.001,9.137,0
BERNA,0.001,9.138,1
ARLINDA,0.001,9.139,2
ANAMARIA,0.001,9.141,3
ALBERT,0.001,9.142,4
WESLEY,0.001,9.143,5
VERTIE,0.001,9.144,6
VALERI,0.001,9.146,7
TORRI,0.001,9.147,8
TATYANA,0.001,9.148,9
STASIA,0.001,9.149,0
SHERISE,0.001,9.150,1
SHERILL,0.001,9.152,2
SEASON,0.001,9.153,3
SCOTTIE,0.001,9.154,4
SANDA,0.001,9.155,5
RUTHE,0.001,9.157,6
ROSY,0.001,9.158,7
ROBERTO,0.001,9.159,8
ROBBI,0.001,9.160,9
RANEE,0.001,9.161,0
QUYEN,0.001,9.163,1
PEARLY,0.001,9.164,2
PALMIRA,0.001,9.165,3
ONITA,0.001,9.166,4
NISHA,0.001,9.168,5
NIESHA,0.001,9.169,6
NIDA,0.001,9.170,7
NEVADA,0.001,9.171,8
NAM,0.001,9.172,9
MERLYN,0.001,9.174,0
MAYOLA,0.001,9.175,1
MARYLOUISE,0.001,9.176,2
MARYLAND,0.001,9.177,3
MARX,0.001,9.179,4
MARTH,0.001,9.180,5
MARGENE,0.001,9.181,6
MADELAINE,0.001,9.182,7
LONDA,0.001,9.183,8
LEONTINE,0.001,9.185,9
LEOMA,0.001,9.186,0
LEIA,0.001,9.187,1
LAWRENCE,0.001,9.188,2
LAURALEE,0.001,9.190,3
LANORA,0.001,9.191,4
LAKITA,0.001,9.192,5
KIYOKO,0.001,9.193,6
KETURAH,0.001,9.195,7
KATELIN,0.001,9.196,8
KAREEN,0.001,9.197,9
JONIE,0.001,9.198,0
JOHNETTE,0.001,9.199,1
JENEE,0.001,9.201,2
JEANETT,0.001,9.202,3
IZETTA,0.001,9.203,4
HIEDI,0.001,9.204,5
HEIKE,0.001,9.206,6
HASSIE,0.001,9.207,7
HAROLD,0.001,9.208,8
GIUSEPPINA,0.001,9.209,9
GEORGANN,0.001,9.210,0
FIDELA,0.001,9.212,1
FERNANDE,0.001,9.213,2
ELWANDA,0.001,9.214,3
ELLAMAE,0.001,9.215,4
ELIZ,0.001,9.217,5
DUSTI,0.001,9.218,6
DOTTY,0.001,9.219,7
CYNDY,0.001,9.220,8
CORALIE,0.001,9.221,9
CELESTA,0.001,9.223,0
ARGENTINA,0.001,9.224,1
ALVERTA,0.001,9.225,2
XENIA,0.001,9.226,3
WAVA,0.001,9.228,4
VANETTA,0.001,9.229,5
TORRIE,0.001,9.230,6
TASHINA,0.001,9.231,7
TANDY,0.001,9.232,8
TAMBRA,0.001,9.233,9
TAMA,0.001,9.235,0
STEPANIE,0.001,9.236,1
SHILA,0.001,9.237,2
SHAUNTA,0.001,9.238,3
SHARAN,0.001,9.239,4
SHANIQUA,0.001,9.241,5
SHAE,0.001,9.242,6
SETSUKO,0.001,9.243,7
SERAFINA,0.001,9.244,8
SANDEE,0.001,9.245,9
ROSAMARIA,0.001,9.247,0
PRISCILA,0.001,9.248,1
OLINDA,0.001,9.249,2
NADENE,0.001,9.250,3
MUOI,0.001,9.251,4
MICHELINA,0.001,9.253,5
MERCEDEZ,0.001,9.254,6
MARYROSE,0.001,9.255,7
MARIN,0.001,9.256,8
MARCENE,0.001,9.257,9
MAO,0.001,9.259,0
MAGALI,0.001,9.260,1
MAFALDA,0.001,9.261,2
LOGAN,0.001,9.262,3
LINN,0.001,9.263,4
LANNIE,0.001,9.265,5
KAYCE,0.001,9.266,6
KAROLINE,0.001,9.267,7
KAMILAH,0.001,9.268,8
KAMALA,0.001,9.269,9
JUSTA,0.001,9.270,0
JOLINE,0.001,9.272,1
JENNINE,0.001,9.273,2
JACQUETTA,0.001,9.274,3
IRAIDA,0.001,9.275,4
GERALD,0.001,9.276,5
GEORGEANNA,0.001,9.278,6
FRANCHESCA,0.001,9.279,7
FAIRY,0.001,9.280,8
EMELINE,0.001,9.281,9
ELANE,0.001,9.282,0
EHTEL,0.001,9.284,1
EARLIE,0.001,9.285,2
DULCIE,0.001,9.286,3
DALENE,0.001,9.287,4
CRIS,0.001,9.288,5
CLASSIE,0.001,9.290,6
CHERE,0.001,9.291,7
CHARIS,0.001,9.292,8
CAROYLN,0.001,9.293,9
CARMINA,0.001,9.294,0
CARITA,0.001,9.296,1
BRIAN,0.001,9.297,2
BETHANIE,0.001,9.298,3
AYAKO,0.001,9.299,4
ARICA,0.001,9.300,5
AN,0.001,9.301,6
ALYSA,0.001,9.303,7
ALESSANDRA,0.001,9.304,8
AKILAH,0.001,9.305,9
ADRIEN,0.001,9.306,0
ZETTA,0.001,9.307,1
YOULANDA,0.001,9.309,2
YELENA,0.001,9.310,3
YAHAIRA,0.001,9.311,4
XUAN,0.001,9.312,5
WENDOLYN,0.001,9.313,6
VICTOR,0.001,9.314,7
TIJUANA,0.001,9.316,8
TERRELL,0.001,9.317,9
TERINA,0.001,9.318,0
TERESIA,0.001,9.319,1
SUZI,0.001,9.320,2
SUNDAY,0.001,9.321,3
SHERELL,0.001,9.323,4
SHAVONDA,0.001,9.324,5
SHAUNTE,0.001,9.325,6
SHARDA,0.001,9.326,7
SHAKITA,0.001,9.327,8
SENA,0.001,9.328,9
RYANN,0.001,9.330,0
RUBI,0.001,9.331,1
RIVA,0.001,9.332,2
REGINIA,0.001,9.333,3
REA,0.001,9.334,4
RACHAL,0.001,9.335,5
PARTHENIA,0.001,9.336,6
PAMULA,0.001,9.338,7
MONNIE,0.001,9.339,8
MONET,0.001,9.340,9
MICHAELE,0.001,9.341,0
MELIA,0.001,9.342,1
MARINE,0.001,9.343,2
MALKA,0.001,9.345,3
MAISHA,0.001,9.346,4
LISANDRA,0.001,9.347,5
LEO,0.001,9.348,6
LEKISHA,0.001,9.349,7
LEAN,0.001,9.350,8
LAURENCE,0.001,9.352,9
LAKENDRA,0.001,9.353,0
KRYSTIN,0.001,9.354,1
KORTNEY,0.001,9.355,2
KIZZIE,0.001,9.356,3
KITTIE,0.001,9.357,4
KERA,0.001,9.359,5
KENDAL,0.001,9.360,6
KEMBERLY,0.001,9.361,7
KANISHA,0.001,9.362,8
JULENE,0.001,9.363,9
JULE,0.001,9.364,0
JOSHUA,0.001,9.366,1
JOHANNE,0.001,9.367,2
JEFFREY,0.001,9.368,3
JAMEE,0.001,9.369,4
HAN,0.001,9.370,5
HALLEY,0.001,9.371,6
GIDGET,0.001,9.373,7
GALINA,0.001,9.374,8
FREDRICKA,0.001,9.375,9
FLETA,0.001,9.376,0
FATIMAH,0.001,9.377,1
EUSEBIA,0.001,9.378,2
ELZA,0.001,9.379,3
ELEONORE,0.001,9.381,4
DORTHEY,0.001,9.382,5
DORIA,0.001,9.383,6
DONELLA,0.001,9.384,7
DINORAH,0.001,9.385,8
DELORSE,0.001,9.386,9
CLARETHA,0.001,9.388,0
CHRISTINIA,0.001,9.389,1
CHARLYN,0.001,9.390,2
BONG,0.001,9.391,3
BELKIS,0.001,9.392,4
AZZIE,0.001,9.393,5
ANDERA,0.001,9.395,6
AIKO,0.001,9.396,7
ADENA,0.001,9.397,8
YER,0.001,9.398,9
YAJAIRA,0.001,9.399,0
WAN,0.001,9.400,1
VANIA,0.001,9.401,2
ULRIKE,0.001,9.403,3
TOSHIA,0.001,9.404,4
TIFANY,0.001,9.405,5
STEFANY,0.001,9.406,6
SHIZUE,0.001,9.407,7
SHENIKA,0.001,9.408,8
SHAWANNA,0.001,9.409,9
SHAROLYN,0.001,9.410,0
SHARILYN,0.001,9.412,1
SHAQUANA,0.001,9.413,2
SHANTAY,0.001,9.414,3
SEE,0.001,9.415,4
ROZANNE,0.001,9.416,5
ROSELEE,0.001,9.417,6
RICKIE,0.001,9.418,7
REMONA,0.001,9.420,8
REANNA,0.001,9.421,9
RAELENE,0.001,9.422,0
QUINN,0.001,9.423,1
PHUNG,0.001,9.424,2
PETRONILA,0.001,9.425,3
NATACHA,0.001,9.426,4
NANCEY,0.001,9.427,5
MYRL,0.001,9.429,6
MIYOKO,0.001,9.430,7
MIESHA,0.001,9.431,8
MERIDETH,0.001,9.432,9
MARVELLA,0.001,9.433,0
MARQUITTA,0.001,9.434,1
MARHTA,0.001,9.435,2
MARCHELLE,0.001,9.436,3
LIZETH,0.001,9.438,4
LIBBIE,0.001,9.439,5
LAHOMA,0.001,9.440,6
LADAWN,0.001,9.441,7
KINA,0.001,9.442,8
KATHELEEN,0.001,9.443,9
KATHARYN,0.001,9.444,0
KARISA,0.001,9.446,1
KALEIGH,0.001,9.447,2
JUNIE,0.001,9.448,3
JULIEANN,0.001,9.449,4
JOHNSIE,0.001,9.450,5
JANEAN,0.001,9.451,6
JAIMEE,0.001,9.452,7
JACKQUELINE,0.001,9.453,8
HISAKO,0.001,9.455,9
HERMA,0.001,9.456,0
HELAINE,0.001,9.457,1
GWYNETH,0.001,9.458,2
GLENN,0.001,9.459,3
GITA,0.001,9.460,4
EUSTOLIA,0.001,9.461,5
EMELINA,0.001,9.462,6
ELIN,0.001,9.464,7
EDRIS,0.001,9.465,8
DONNETTE,0.001,9.466,9
DONNETTA,0.001,9.467,0
DIERDRE,0.001,9.468,1
DENAE,0.001,9.469,2
DARCEL,0.001,9.470,3
CLAUDE,0.001,9.472,4
CLARISA,0.001,9.473,5
CINDERELLA,0.001,9.474,6
CHIA,0.001,9.475,7
CHARLESETTA,0.001,9.476,8
CHARITA,0.001,9.477,9
CELSA,0.001,9.478,0
CASSY,0.001,9.479,1
CASSI,0.001,9.481,2
CARLEE,0.001,9.482,3
BRUNA,0.001,9.483,4
BRITTANEY,0.001,9.484,5
BRANDE,0.001,9.485,6
BILLI,0.001,9.486,7
BAO,0.001,9.487,8
ANTONETTA,0.001,9.488,9
ANGLA,0.001,9.490,0
ANGELYN,0.001,9.491,1
ANALISA,0.001,9.492,2
ALANE,0.001,9.493,3
WENONA,0.001,9.494,4
WENDIE,0.001,9.495,5
VERONIQUE,0.001,9.496,6
VANNESA,0.001,9.497,7
TOBIE,0.001,9.498,8
TEMPIE,0.001,9.500,9
SUMIKO,0.001,9.501,0
SULEMA,0.001,9.502,1
SPARKLE,0.001,9.503,2
SOMER,0.001,9.504,3
SHEBA,0.001,9.505,4
SHAYNE,0.001,9.506,5
SHARICE,0.001,9.507,6
SHANEL,0.001,9.508,7
SHALON,0.001,9.509,8
SAGE,0.001,9.511,9
ROY,0.001,9.512,0
ROSIO,0.001,9.513,1
ROSELIA,0.001,9.514,2
RENAY,0.001,9.515,3
REMA,0.001,9.516,4
REENA,0.001,9.517,5
PORSCHE,0.001,9.518,6
PING,0.001,9.519,7
PEG,0.001,9.520,8
OZIE,0.001,9.522,9
ORETHA,0.001,9.523,0
ORALEE,0.001,9.524,1
ODA,0.001,9.525,2
NU,0.001,9.526,3
NGAN,0.001,9.527,4
NAKESHA,0.001,9.528,5
MILLY,0.001,9.529,6
MARYBELLE,0.001,9.530,7
MARLIN,0.001,9.531,8
MARIS,0.001,9.533,9
MARGRETT,0.001,9.534,0
MARAGARET,0.001,9.535,1
MANIE,0.001,9.536,2
LURLENE,0.001,9.537,3
LILLIA,0.001,9.538,4
LIESELOTTE,0.001,9.539,5
LAVELLE,0.001,9.540,6
LASHAUNDA,0.001,9.541,7
LAKEESHA,0.001,9.542,8
KEITH,0.001,9.544,9
KAYCEE,0.001,9.545,0
KALYN,0.001,9.546,1
JOYA,0.001,9.547,2
JOETTE,0.001,9.548,3
JENAE,0.001,9.549,4
JANIECE,0.001,9.550,5
ILLA,0.001,9.551,6
GRISEL,0.001,9.552,7
GLAYDS,0.001,9.553,8
GENEVIE,0.001,9.555,9
GALA,0.001,9.556,0
FREDDA,0.001,9.557,1
FRED,0.001,9.558,2
ELMER,0.001,9.559,3
ELEONOR,0.001,9.560,4
DEBERA,0.001,9.561,5
DEANDREA,0.001,9.562,6
DAN,0.001,9.563,7
CORRINNE,0.001,9.564,8
CORDIA,0.001,9.566,9
CONTESSA,0.001,9.567,0
COLENE,0.001,9.568,1
CLEOTILDE,0.001,9.569,2
CHARLOTT,0.001,9.570,3
CHANTAY,0.001,9.571,4
CECILLE,0.001,9.572,5
BEATRIS,0.001,9.573,6
AZALEE,0.001,9.574,7
ARLEAN,0.001,9.575,8
ARDATH,0.001,9.577,9
ANJELICA,0.001,9.578,0
ANJA,0.001,9.579,1
ALFREDIA,0.001,9.580,2
ALEISHA,0.001,9.581,3
ADAM,0.001,9.582,4
ZADA,0.001,9.583,5
YUONNE,0.001,9.584,6
XIAO,0.001,9.585,7
WILLODEAN,0.001,9.586,8
WHITLEY,0.001,9.587,9
VENNIE,0.001,9.588,0
VANNA,0.001,9.589,1
TYISHA,0.001,9.591,2
TOVA,0.001,9.592,3
TORIE,0.001,9.593,4
TONISHA,0.001,9.594,5
TILDA,0.001,9.595,6
TIEN,0.001,9.596,7
TEMPLE,0.001,9.597,8
SIRENA,0.001,9.598,9
SHERRIL,0.001,9.599,0
SHANTI,0.001,9.600,1
SHAN,0.001,9.601,2
SENAIDA,0.001,9.602,3
SAMELLA,0.001,9.603,4
ROBBYN,0.001,9.604,5
RENDA,0.001,9.606,6
REITA,0.001,9.607,7
PHEBE,0.001,9.608,8
PAULITA,0.001,9.609,9
NOBUKO,0.001,9.610,0
NGUYET,0.001,9.611,1
NEOMI,0.001,9.612,2
MOON,0.001,9.613,3
MIKAELA,0.001,9.614,4
MELANIA,0.001,9.615,5
MAXIMINA,0.001,9.616,6
MARG,0.001,9.617,7
MAISIE,0.001,9.618,8
LYNNA,0.001,9.619,9
LILLI,0.001,9.620,0
LAYNE,0.001,9.622,1
LASHAUN,0.001,9.623,2
LAKENYA,0.001,9.624,3
LAEL,0.001,9.625,4
KIRSTIE,0.001,9.626,5
KATHLINE,0.001,9.627,6
KASHA,0.001,9.628,7
KARLYN,0.001,9.629,8
KARIMA,0.001,9.630,9
JOVAN,0.001,9.631,0
JOSEFINE,0.001,9.632,1
JENNELL,0.001,9.633,2
JACQUI,0.001,9.634,3
JACKELYN,0.001,9.635,4
HYO,0.001,9.636,5
HIEN,0.001,9.638,6
GRAZYNA,0.001,9.639,7
FLORRIE,0.001,9.640,8
FLORIA,0.001,9.641,9
ELEONORA,0.001,9.642,0
DWANA,0.001,9.643,1
DORLA,0.001,9.644,2
DONG,0.001,9.645,3
DELMY,0.001,9.646,4
DEJA,0.001,9.647,5
DEDE,0.001,9.648,6
DANN,0.001,9.649,7
CRYSTA,0.001,9.650,8
CLELIA,0.001,9.651,9
CLARIS,0.001,9.652,0
CLARENCE,0.001,9.654,1
CHIEKO,0.001,9.655,2
CHERLYN,0.001,9.656,3
CHERELLE,0.001,9.657,4
CHARMAIN,0.001,9.658,5
CHARA,0.001,9.659,6
CAMMY,0.001,9.660,7
BEE,0.001,9.661,8
ARNETTE,0.001,9.662,9
ARDELLE,0.001,9.663,0
ANNIKA,0.001,9.664,1
AMIEE,0.001,9.665,2
AMEE,0.001,9.666,3
ALLENA,0.001,9.667,4
YVONE,0.001,9.668,5
YUKI,0.001,9.670,6
YOSHIE,0.001,9.671,7
YEVETTE,0.001,9.672,8
YAEL,0.001,9.673,9
WILLETTA,0.001,9.674,0
VONCILE,0.001,9.675,1
VENETTA,0.001,9.676,2
TULA,0.001,9.677,3
TONETTE,0.001,9.678,4
TIMIKA,0.001,9.679,5
TEMIKA,0.001,9.680,6
TELMA,0.001,9.681,7
TEISHA,0.001,9.682,8
TAREN,0.001,9.683,9
TA,0.001,9.684,0
STACEE,0.001,9.685,1
SHIN,0.001,9.686,2
SHAWNTA,0.001,9.687,3
SATURNINA,0.001,9.688,4
RICARDA,0.001,9.689,5
POK,0.001,9.690,6
PASTY,0.001,9.691,7
ONIE,0.001,9.692,8
NUBIA,0.001,9.693,9
MORA,0.001,9.694,0
MIKE,0.001,9.695,1
MARIELLE,0.001,9.696,2
MARIELLA,0.001,9.697,3
MARIANELA,0.001,9.699,4
MARDELL,0.001,9.700,5
MANY,0.001,9.701,6
LUANNA,0.001,9.702,7
LOISE,0.001,9.703,8
LISABETH,0.001,9.704,9
LINDSY,0.001,9.705,0
LILLIANA,0.001,9.706,1
LILLIAM,0.001,9.707,2
LELAH,0.001,9.708,3
LEIGHA,0.001,9.709,4
LEANORA,0.001,9.710,5
LANG,0.001,9.711,6
KRISTEEN,0.001,9.712,7
KHALILAH,0.001,9.713,8
KEELEY,0.001,9.714,9
KANDRA,0.001,9.715,0
JUNKO,0.001,9.716,1
JOAQUINA,0.001,9.717,2
JERLENE,0.001,9.718,3
JANI,0.001,9.719,4
JAMIKA,0.001,9.720,5
JAME,0.001,9.721,6
HSIU,0.001,9.722,7
HERMILA,0.001,9.723,8
GOLDEN,0.001,9.724,9
GENEVIVE,0.001,9.725,0
EVIA,0.001,9.727,1
EUGENA,0.001,9.728,2
EMMALINE,0.001,9.729,3
ELFREDA,0.001,9.730,4
ELENE,0.001,9.731,5
DONETTE,0.001,9.732,6
DELCIE,0.001,9.733,7
DEEANNA,0.001,9.734,8
DARCEY,0.001,9.735,9
CUC,0.001,9.736,0
CLARINDA,0.001,9.737,1
CIRA,0.001,9.738,2
CHAE,0.001,9.739,3
CELINDA,0.001,9.740,4
CATHERYN,0.001,9.741,5
CATHERIN,0.001,9.742,6
CASIMIRA,0.001,9.743,7
CARMELIA,0.001,9.744,8
CAMELLIA,0.001,9.745,9
BREANA,0.001,9.746,0
BOBETTE,0.001,9.747,1
BERNARDINA,0.001,9.748,2
BEBE,0.001,9.749,3
BASILIA,0.001,9.750,4
ARLYNE,0.001,9.751,5
AMAL,0.001,9.752,6
ALAYNA,0.001,9.753,7
ZONIA,0.001,9.754,8
ZENIA,0.001,9.755,9
YURIKO,0.001,9.756,0
YAEKO,0.001,9.757,1
WYNELL,0.001,9.758,2
WILLOW,0.001,9.759,3
WILLENA,0.001,9.760,4
VERNIA,0.001,9.761,5
TU,0.001,9.762,6
TRAVIS,0.001,9.764,7
TORA,0.001,9.765,8
TERRILYN,0.001,9.766,9
TERICA,0.001,9.767,0
TENESHA,0.001,9.768,1
TAWNA,0.001,9.769,2
TAJUANA,0.001,9.770,3
TAINA,0.001,9.771,4
STEPHNIE,0.001,9.772,5
SONA,0.001,9.773,6
SOL,0.001,9.774,7
SINA,0.001,9.775,8
SHONDRA,0.001,9.776,9
SHIZUKO,0.001,9.777,0
SHERLENE,0.001,9.778,1
SHERICE,0.001,9.779,2
SHARIKA,0.001,9.780,3
ROSSIE,0.001,9.781,4
ROSENA,0.001,9.782,5
RORY,0.001,9.783,6
RIMA,0.001,9.784,7
RIA,0.001,9.785,8
RHEBA,0.001,9.786,9
RENNA,0.001,9.787,0
PETER,0.001,9.788,1
NATALYA,0.001,9.789,2
NANCEE,0.001,9.790,3
MELODI,0.001,9.791,4
MEDA,0.001,9.792,5
MAXIMA,0.001,9.793,6
MATHA,0.001,9.794,7
MARKETTA,0.001,9.795,8
MARICRUZ,0.001,9.796,9
MARCELENE,0.001,9.797,0
MALVINA,0.001,9.798,1
LUBA,0.001,9.799,2
LOUETTA,0.001,9.800,3
LEIDA,0.001,9.801,4
LECIA,0.001,9.802,5
LAURAN,0.001,9.803,6
LASHAWNA,0.001,9.804,7
LAINE,0.001,9.805,8
KHADIJAH,0.001,9.806,9
KATERINE,0.001,9.807,0
KASI,0.001,9.808,1
KALLIE,0.001,9.809,2
JULIETTA,0.001,9.810,3
JESUSITA,0.001,9.811,4
JESTINE,0.001,9.812,5
JESSIA,0.001,9.813,6
JEREMY,0.001,9.814,7
JEFFIE,0.001,9.815,8
JANYCE,0.001,9.816,9
ISADORA,0.001,9.817,0
GEORGIANNE,0.001,9.818,1
FIDELIA,0.001,9.819,2
EVITA,0.001,9.820,3
EURA,0.001,9.821,4
EULAH,0.001,9.822,5
ESTEFANA,0.001,9.823,6
ELSY,0.001,9.824,7
ELIZABET,0.001,9.825,8
ELADIA,0.001,9.826,9
DODIE,0.001,9.827,0
DION,0.001,9.828,1
DIA,0.001,9.829,2
DENISSE,0.001,9.830,3
DELORAS,0.001,9.831,4
DELILA,0.001,9.832,5
DAYSI,0.001,9.833,6
DAKOTA,0.001,9.834,7
CURTIS,0.001,9.835,8
CRYSTLE,0.001,9.836,9
CONCHA,0.001,9.837,0
COLBY,0.001,9.838,1
CLARETTA,0.001,9.839,2
CHU,0.001,9.840,3
CHRISTIA,0.001,9.841,4
CHARLSIE,0.001,9.842,5
CHARLENA,0.001,9.843,6
CARYLON,0.001,9.844,7
BETTYANN,0.001,9.845,8
ASLEY,0.001,9.846,9
ASHLEA,0.001,9.847,0
AMIRA,0.001,9.848,1
AI,0.001,9.849,2
AGUEDA,0.001,9.850,3
AGNUS,0.001,9.851,4
YUETTE,0.001,9.852,5
VINITA,0.001,9.853,6
VICTORINA,0.001,9.854,7
TYNISHA,0.001,9.855,8
TREENA,0.001,9.856,9
TOCCARA,0.001,9.857,0
TISH,0.001,9.858,1
THOMASENA,0.001,9.859,2
TEGAN,0.001,9.860,3
SOILA,0.001,9.861,4
SHILOH,0.001,9.862,5
SHENNA,0.001,9.863,6
SHARMAINE,0.001,9.864,7
SHANTAE,0.001,9.865,8
SHANDI,0.001,9.866,9
SEPTEMBER,0.001,9.867,0
SARAN,0.001,9.867,1
SARAI,0.001,9.868,2
SANA,0.001,9.869,3
SAMUEL,0.001,9.870,4
SALLEY,0.001,9.871,5
ROSETTE,0.001,9.872,6
ROLANDE,0.001,9.873,7
REGINE,0.001,9.874,8
OTELIA,0.001,9.875,9
OSCAR,0.001,9.876,0
OLEVIA,0.001,9.877,1
NICHOLLE,0.001,9.878,2
NECOLE,0.001,9.879,3
NAIDA,0.001,9.880,4
MYRTA,0.001,9.881,5
MYESHA,0.001,9.882,6
MITSUE,0.001,9.883,7
MINTA,0.001,9.884,8
MERTIE,0.001,9.885,9
MARGY,0.001,9.886,0
MAHALIA,0.001,9.887,1
MADALENE,0.001,9.888,2
LOVE,0.001,9.889,3
LOURA,0.001,9.890,4
LOREAN,0.001,9.891,5
LEWIS,0.001,9.892,6
LESHA,0.001,9.893,7
LEONIDA,0.001,9.894,8
LENITA,0.001,9.895,9
LAVONE,0.001,9.896,0
LASHELL,0.001,9.897,1
LASHANDRA,0.001,9.898,2
LAMONICA,0.001,9.899,3
KIMBRA,0.001,9.900,4
KATHERINA,0.001,9.901,5
KARRY,0.001,9.902,6
KANESHA,0.001,9.903,7
JULIO,0.001,9.903,8
JONG,0.001,9.904,9
JENEVA,0.001,9.905,0
JAQUELYN,0.001,9.906,1
HWA,0.001,9.907,2
GILMA,0.001,9.908,3
GHISLAINE,0.001,9.909,4
GERTRUDIS,0.001,9.910,5
FRANSISCA,0.001,9.911,6
FERMINA,0.001,9.912,7
ETTIE,0.001,9.913,8
ETSUKO,0.001,9.914,9
ELLIS,0.001,9.915,0
ELLAN,0.001,9.916,1
ELIDIA,0.001,9.917,2
EDRA,0.001,9.918,3
DORETHEA,0.001,9.919,4
DOREATHA,0.001,9.920,5
DENYSE,0.001,9.921,6
DENNY,0.001,9.922,7
DEETTA,0.001,9.923,8
DAINE,0.001,9.924,9
CYRSTAL,0.001,9.925,0
CORRIN,0.001,9.926,1
CAYLA,0.001,9.927,2
CARLITA,0.001,9.928,3
CAMILA,0.001,9.929,4
BURMA,0.001,9.930,5
BULA,0.001,9.931,6
BUENA,0.001,9.932,7
BLAKE,0.001,9.933,8
BARABARA,0.001,9.934,9
AVRIL,0.001,9.935,0
AUSTIN,0.001,9.936,1
ALAINE,0.001,9.937,2
ZANA,0.001,9.938,3
WILHEMINA,0.001,9.938,4
WANETTA,0.001,9.939,5
VIRGIL,0.001,9.940,6
VI,0.001,9.941,7
VERONIKA,0.001,9.942,8
VERNON,0.001,9.943,9
VERLINE,0.001,9.944,0
VASILIKI,0.001,9.945,1
TONITA,0.001,9.946,2
TISA,0.001,9.947,3
TEOFILA,0.001,9.948,4
TAYNA,0.001,9.949,5
TAUNYA,0.001,9.950,6
TANDRA,0.001,9.951,7
TAKAKO,0.001,9.952,8
SUNNI,0.001,9.953,9
SUANNE,0.001,9.954,0
SIXTA,0.001,9.954,1
SHARELL,0.001,9.955,2
SEEMA,0.001,9.956,3
RUSSELL,0.001,9.957,4
ROSENDA,0.001,9.958,5
ROBENA,0.001,9.959,6
RAYMONDE,0.001,9.960,7
PEI,0.001,9.961,8
PAMILA,0.001,9.962,9
OZELL,0.001,9.963,0
NEIDA,0.001,9.964,1
NEELY,0.001,9.965,2
MISTIE,0.001,9.966,3
MICHA,0.001,9.967,4
MERISSA,0.001,9.968,5
MAURITA,0.001,9.969,6
MARYLN,0.001,9.970,7
MARYETTA,0.001,9.971,8
MARSHALL,0.001,9.971,9
MARCELL,0.001,9.972,0
MALENA,0.001,9.973,1
MAKEDA,0.001,9.974,2
MADDIE,0.001,9.975,3
LOVETTA,0.001,9.976,4
LOURIE,0.001,9.977,5
LORRINE,0.001,9.978,6
LORILEE,0.001,9.979,7
LESTER,0.001,9.980,8
LAURENA,0.001,9.981,9
LASHAY,0.001,9.982,0
LARRAINE,0.001,9.983,1
LAREE,0.001,9.984,2
LACRESHA,0.001,9.985,3
KRISTLE,0.001,9.986,4
KRISHNA,0.001,9.987,5
KEVA,0.001,9.987,6
KEIRA,0.001,9.988,7
KAROLE,0.001,9.989,8
JOIE,0.001,9.990,9
JINNY,0.001,9.991,0
JEANNETTA,0.001,9.992,1
JAMA,0.001,9.993,2
HEIDY,0.001,9.994,3
GILBERTE,0.001,9.995,4
GEMA,0.001,9.996,5
FAVIOLA,0.001,9.997,6
EVELYNN,0.001,9.998,7
ENDA,0.001,9.999,8
ELLI,0.001,0.000,9
ELLENA,0.001,0.001,0
DIVINA,0.001,0.002,1
DAGNY,0.001,0.003,2
COLLENE,0.001,0.003,3
CODI,0.001,0.004,4
CINDIE,0.001,0.005,5
CHASSIDY,0.001,0.006,6
CHASIDY,0.001,0.007,7
CATRICE,0.001,0.008,8
CATHERINA,0.001,0.009,9
CASSEY,0.001,0.010,0
CAROLL,0.001,0.011,1
CARLENA,0.001,0.012,2
CANDRA,0.001,0.013,3
CALISTA,0.001,0.014,4
BRYANNA,0.001,0.015,5
BRITTENY,0.001,0.016,6
BEULA,0.001,0.017,7
BARI,0.001,0.018,8
AUDRIE,0.001,0.019,9
AUDRIA,0.001,0.019,0
ARDELIA,0.001,0.020,1
ANNELLE,0.001,0.021,2
ANGILA,0.001,0.022,3
ALONA,0.001,0.023,4
ALLYN,0.001,0.024,5
