"Octapharma USA, Inc."
"Vitaphone_USA_Corporation"
"CSL Behring"
"ELLMAN INTERNATIONAL"
"GAMBRO AAB"
"ELI LILLY AND COMPANY"
"AXOGEN"
"Baxter Healthcare"
"Synergetics USA, Inc"
"bioMerieux"
".decimal"
"Questcor Pharmaceuticals"
"Kensey Nash"
"Midsouth Orthopedics"
"optos plc"
"Summit Medical"
"REBISCAN"
"NovoCure Limited"
"Hollister Incorporated"
"DENTPSLY IH AB"
"Duchesnay Incorporated"
"Hoffmann-La Roche Limited"
"3M Company"
"Medigus Ltd."
"LEO Pharma AS"
"Celleration_Inc"
"Galt Medical"
"Southtech Orthopedics"
"Astellas US Technologies"
"Boehringer Ingelheim France"
"Meisinger USA, LLC"
"Aesculap AG"
"LDR MEDICAL"
"Welch Allyn"
"Biocompatibles UK Ltd"
"Hitachi Aloka Medical, Ltd."
"Covidien LP"
"AlloSource"
"Aero-Med LTD"
"ASAHI INTECC CO., LTD."
"Medacta USA"
"Elekta LTD"
"AstraZeneca AB"
"Elekta Oy"
"UCB SA"
"Taro Pharmaceuticals USA, Inc."
"Takeda Pharmaceuticals U.S.A., Inc."
"CARTER BLOODCARE"
"Avion Pharmaceuticals"
"UCB GmBH"
"Becton, Dickinson and Company"
"Cook Incorporated"
"GE Healthcare"
"Cepheid"
"Boehringer Ingelheim Hong Kong Ltd"
"AstraZeneca UK Limited"
"Team_Makena_LLC"
"Datascope Corp."
"Community Blood Center"
"Eisai Co., Ltd."
"Nucletron B.V."
"Central Blood Bank"
"ABIOMED"
